Actual_Severity,XGB_Severity
3204.0,1995.8427
395.88,2193.6272
1204.0,1291.4049
1128.0,1123.4445
2528.12,1860.8809
1128.12,1074.8646
1369.54,1742.5382
93.63,2562.726
1204.0,1754.229
56.8,1295.3323
1204.0,1123.4407
1515.44,1485.1545
805.88,1317.4352
3204.0,1485.0051
1128.12,1645.4738
1204.0,2967.6887
1128.0,1194.9445
7204.0,1194.0275
1128.12,1721.6351
1128.12,1180.4244
1204.0,2075.8042
1204.0,1132.5911
562.98,1962.7903
1172.0,1349.5631
1128.12,1970.5541
671.155,2364.2534
567.59,1554.7753
1128.12,2140.6602
802.25,881.2447
76.01,1524.8202
3094.66,2136.6553
1779.93,1343.6532
1204.0,1106.5809
1204.0,3064.0256
1172.0,1382.2439
1227.98,1391.5599
1128.12,1150.5524
589.49,1674.0767
468.52,3818.5254
1063.9,1440.8766
1128.12,2116.2534
1204.0,1767.2788
586.0,1745.5653
130.71,1172.2642
63.86,1186.4423
1128.12,1400.2281
1172.0,1110.1156
1128.12,1268.3142
1172.0,1241.4187
995.75,3622.935
811.26,1748.782
492.32,2115.3645
3204.0,1649.6675
1128.12,1356.4069
669.175,1443.0321
46.91,1046.3518
1172.0,1575.9006
70.38,1112.6821
1128.12,1101.088
1128.12,1908.8832
1128.12,1251.2787
2257.57,2583.9236
1128.12,1676.4011
564.06,1666.8489
1204.0,1423.5399
1204.0,1653.4326
1865.01,1016.2817
1204.0,1325.9927
1128.12,1581.6122
1128.12,2818.2812
1214.52,1763.2343
2439.89,1170.2101
84.97,1575.0509
1628.12,3212.376
136.68,1437.3082
92.45,1575.8759
9550.0,1973.4681
1285.32,1712.9429
154.16,4524.8613
1128.12,2106.6272
1418.32,1701.2238
1128.12,1157.9728
1128.12,1399.0355
1172.0,1102.3505
78.16,1579.8936
17973.55,11266.241
1204.0,1248.283
1688.7,1631.0999
1128.12,1912.5776
290.59,2776.368
216.36,1103.0765
1661.94,1535.5211
1204.0,1231.5687
1172.0,1397.9812
1172.0,1304.9825
4268.57,1609.0712
2128.53,1113.5483
1204.0,1781.296
1204.0,1814.386
1128.12,1474.7063
90.25,1752.6295
1429.07,1402.5355
673.67,2137.3452
39.28,1361.7949
264.56,1218.0015
1404.0,1540.3267
1300.0,1405.3513
1371.81,1218.8759
1172.0,4312.8623
1128.12,1213.7882
1204.0,1204.9846
1172.0,1641.6619
1204.0,1937.8549
1204.0,1198.1128
218.79,1254.573
4718.43,1521.2465
2887.01,1500.8143
256.67,1329.9009
1128.0,1714.9403
1321.54,1167.9451
222.21,1101.0497
1020.905,1674.3408
5705.35,1492.9187
1128.12,1165.535
1128.12,1480.3638
1548.0,1400.4252
1128.12,1188.0771
73.3,1232.9772
1128.12,1597.7107
1128.12,1606.1115
13518.75,1354.0502
1594.79,1233.7548
1128.12,2342.6477
7.61,1191.584
4285.86,1254.7639
913.34,1367.7711
431.37,1865.2633
1913.32,1197.3275
1320.0,1246.8647
586.0,2470.2466
4173.36,1259.3403
292.85,1935.5037
1128.0,1890.6823
930.0699999999999,2018.366
1282.77,1568.3359
1000.0,1765.5807
1397.5,1689.0813
1128.0,1662.3562
373.02,1522.0111
91.19,987.0226
684.74,984.77356
556.14,1723.6099
1172.0,1324.3516
2500.0,1479.4556
1128.12,1935.9652
1128.12,2143.7368
1128.12,1610.7577
1265.31,1340.7622
532.77,1103.218
1204.0,915.0662
1400.99,1121.4465
1204.0,1580.8168
1204.0,1621.0604
1204.0,1476.0845
556.14,1901.4447
280.45,1340.8204
1128.12,1195.4523
1172.0,2555.9153
1204.0,1480.9646
1128.12,2072.419
1204.0,1371.8561
1145.0,1499.9873
1204.0,1079.8276
1128.12,1596.8629
1824.44,1604.253
555.4,2130.1946
622.25,1195.6484
1204.0,1736.9949
1128.12,1968.7913
290.22,1858.4724
500.0,1646.9158
145.815,2127.5652
1204.0,1498.2896
1204.0,1470.0094
516.09,2134.2104
110.79,1283.3069
1128.12,1892.6676
2290.1,1888.8259
3056.97,1327.1938
1128.12,1456.1617
1204.0,1339.9014
739.84,964.1863
160.4,1267.5011
1128.12,1045.3364
1500.0,1518.693
1204.0,1077.3352
1587.2399999999998,1884.2444
1204.0,2242.5732
1128.0,702.8047
1199.91,1022.0302
1128.12,1794.0089
1172.0,1226.7913
1994.49,1691.534
1204.0,1532.6931
65.04,1749.1757
119.58,1478.6212
3088.98,1131.8256
1204.0,1328.3658
1204.0,913.178
831.01,1226.8503
794.89,1021.7208
1128.12,1612.6552
497.84,1822.7211
550.53,1468.1621
586.0,1385.5763
586.0,1397.7886
305.77,1526.6987
16.54,1686.2229
1128.0,1251.5293
3204.0,1737.3693
742.69,1266.1763
1204.0,1284.701
1204.0,1540.2877
1128.12,2164.7412
456.75,1929.3438
1172.0,1479.4026
220.67,2396.4153
1172.0,1577.4456
381.68,1461.944
208.3,1199.6562
1204.0,2093.8525
1172.0,1634.122
1204.0,1506.8422
1200.99,1145.6221
1204.0,990.036
1204.0,2145.2246
1128.12,1734.1827
1172.0,1594.6167
1204.0,1358.3494
287.81,2347.466
1128.0,1783.5576
2704.0,1148.945
1204.0,1648.7898
81.33,1894.3198
1884.41,1110.4274
1204.0,1844.9094
1204.0,1300.6693
1128.12,1653.3442
78.16,1221.635
449.74,2764.6301
281.29,1116.602
4000.0,1261.3271
1204.0,1059.2631
1204.0,2175.5706
938.12,1325.0547
698.67,1435.8834
1128.12,2141.043
1128.0,1034.5037
1128.12,2255.5034
1128.0,1425.9482
1668.62,1824.206
79.0,1027.6177
1203.58,1582.1726
4970.62,1978.2205
1128.12,2988.33
1063.08,4003.708
1204.0,1931.9021
1128.0,1459.2765
1128.12,1383.0271
1172.0,1430.5037
126.4,1480.9335
1204.0,1447.9465
1128.0,1228.1996
2133.89,1934.854
121959.21,1241.9451
1865.73,2722.6628
1204.0,1736.2786
1320.0,1411.0609
1204.0,2098.6855
59.61,1787.2747
1128.12,1244.9054
90.59,1927.2869
3512.61,993.1879
1204.0,1636.9116
1289.46,3370.782
849.6,2404.815
1204.0,1214.4274
1171.69,1282.4408
7000.0,1921.9805
1172.25,1427.2917
1172.0,1339.495
3042.85,1769.132
1128.12,1313.2611
5398.025,2207.0254
247.9,1598.209
13343.04,1770.5608
2488.58,2496.1553
7622.45,1120.7258
1209.93,1279.7615
1172.0,2172.4346
1204.0,1149.4744
1204.0,1331.0853
1172.0,2068.0093
76.01,1168.7117
1211.81,1955.5865
823.81,1711.7687
644.14,1866.0604
1128.12,1422.4712
914.73,1553.6251
1128.0,1651.0643
144.45,1951.4004
158.32,2245.7085
1204.0,1908.2097
495.99,1265.8745
441.34,1033.0791
1804.38,1729.3453
364.14,1167.429
1226.5,2055.305
2524.0,1498.346
1172.0,5561.2495
118.51,1905.6827
36.47,1404.5393
1128.12,1205.2168
1128.0,1281.2861
284.84,1113.0706
1128.12,2243.8162
1128.12,2363.8723
1128.12,1395.0153
1204.0,1696.6029
1172.0,1370.7405
1246.19,2229.578
1204.0,1596.9688
2151.27,2110.0825
1204.0,1150.0231
400.0,1289.3007
1128.0,2971.6409
3818.41,1702.325
1128.0,1480.5494
1172.0,2117.6948
1128.0,1391.4902
174.12,950.5537
1204.0,1196.6396
9528.37,2837.7847
1172.0,3563.19
1204.0,1154.6343
1204.0,1447.4799
2500.49,1305.1207
1612.3,1301.9985
1204.0,1189.4955
1500.0,3412.7866
56.74,1154.7836
60.09,1353.182
2392.15,1054.8813
4312.63,1149.1378
208.13,1112.5363
2390.77,1031.9604
1060.0,1596.4609
1262.19,963.501
380.0,1843.6096
1128.12,1253.4208
1128.12,1549.0425
1204.0,2714.4326
188.92,1195.3788
187.18,1180.4673
1172.0,1046.075
1172.0,1464.5598
1172.0,1237.4093
1128.12,1496.4017
9000.0,1253.5326
2191.31,2475.9448
181.02,1165.7312
2196.0,1444.1293
15.0,2249.4897
1128.12,1669.9188
9242.41,3072.9275
407.09,1581.8746
682.82,2352.2988
5152.0,1050.8555
1113.62,1205.0714
1219.51,2112.8896
598.94,2131.3193
259.52,1334.0916
1417.2024999999999,3485.2292
224.01,1210.437
2566.67,1927.3898
362.03,1708.6698
303.79,1317.8424
1204.0,1289.2053
1128.0,1090.2836
602.87,1448.0239
900.0,1143.8142
656.9,2363.868
523.95,954.3173
1204.0,1905.9308
1204.0,2133.9377
69.51,1850.828
109.14,1399.1403
1204.0,1391.5175
1204.0,1945.8995
357.59,1588.428
1204.0,1401.0717
1128.12,2007.5494
1102.5,1277.173
1633.71,10457.777
1204.0,936.29974
13658.94,1700.4938
1204.0,2398.4111
1252.2,1784.2245
10413.09,1887.4592
2471.48,1760.759
1204.0,1328.2645
1128.12,1239.3627
1172.0,1276.9873
1602.64,1775.7725
1204.0,1926.2653
1204.0,1991.9645
1433.02,1970.3428
1204.0,1235.5256
8331.64,1904.0913
1047.74,1703.4406
5644.67,2310.0361
1204.0,1240.6073
649.2549999999999,1180.1786
1128.12,1512.9677
2645.57,2041.961
806.4,1211.7716
867.71,1442.2637
26356.45,1334.2194
364.99,1430.9464
125847.05,1302.5045
1676.59,1318.8495
810.57,1236.8053
1382.71,1639.555
1204.0,1195.9398
1128.12,1372.2257
1128.12,1646.9802
1350.0,1615.5344
1204.0,1050.5853
98.51,1503.7994
1579.63,5466.3384
1267.52,956.76184
4660.0,1811.0028
1128.12,1631.9075
1320.0,1755.1954
1204.0,2285.5078
80.13,1576.865
75.47,1521.6708
1204.0,1514.3636
1128.12,1312.04
2320.45,2104.5498
1204.0,2257.9353
1204.0,3216.3643
931.81,1092.0745
806.04,1863.8816
1200.42,1037.1714
437.28,1325.844
1288.28,1460.7078
695.98,1718.2529
1204.0,1122.6128
575.19,1607.499
1172.0,1126.6692
602.0,1679.5016
6000.0,2132.5605
1204.0,1525.2471
1204.0,1071.0652
1128.12,1350.9584
354.53,1204.057
335.02,1929.9299
1346.4,1649.6746
918.81,960.69934
194.23,1312.2815
1172.0,1105.2394
1128.12,1568.8798
2524.0,1345.4163
1204.0,1452.7676
1172.0,1451.8562
1128.12,1044.2638
1128.12,1151.7117
191.45,1598.2356
1352.02,2799.308
2716.1,3226.8533
1204.0,1823.2208
1204.0,896.31824
1128.0,1879.5889
984.7,1321.4033
21.88,1737.2343
1204.0,1753.0734
3388.31,1462.7327
63.27,1681.7262
1204.0,1238.9108
1172.0,2076.122
10407.2,4531.745
1128.12,1860.6422
1281.84,1164.6978
773.17,2376.4353
1204.0,1924.128
1172.0,1891.8212
1204.0,2091.4956
1128.0,796.169
3058.78,1282.1558
634.41,1164.0232
1452.0,2397.979
1594.64,3363.7139
260.02,1545.2003
602.0,1350.0677
1128.0,1388.1561
1204.0,1451.1558
4605.54,1874.5953
77.5,1233.2118
1217.99,3666.4556
1128.0,1490.9957
7000.0,1575.0261
1275.24,1469.0375
1128.0,1551.2843
2972.51,1612.5006
3556.47,1742.3894
713.93,1658.2316
1204.0,1397.3794
1128.12,1329.7379
57.28,1123.5651
1128.12,1688.2632
577.89,1033.7542
436.52,1976.7843
681.86,1277.0
602.0,1080.6884
1966.43,1684.3392
1204.0,2028.698
1172.0,2482.3792
1172.0,1562.3416
84.92,1595.305
1347.04,1453.2664
1204.0,2253.3008
1204.0,1429.4236
1128.12,1138.9823
616.82,2388.352
2171.21,1344.1953
1204.0,2006.8258
1204.0,1360.3729
7625.0,4445.475
1172.0,1409.7649
2204.0,1339.1699
1204.0,3323.6694
1128.12,2091.8486
1204.0,1199.8451
1128.0,1462.0067
815.15,1593.9926
1228.08,1270.1111
175.67,870.53033
1303.16,1240.8398
564.06,1412.2355
1128.12,1367.0571
556.14,1451.3925
224.09,1483.7382
1128.12,1391.4418
903.0,1770.31
1284.06,1170.8591
2567.76,1617.261
1204.0,1295.7332
2007.8,1312.8129
1172.0,1118.1876
1204.0,1601.0411
1128.12,1782.1489
75.0,1419.72
292.58,1123.8903
1128.12,1989.0278
457.35,1255.8569
1172.0,1608.3976
1076.59,1139.2164
150.41,1283.6295
627.21,1768.8317
2216.05,1414.179
1649.45,1827.2235
71.44,1324.1117
136.22,1569.6542
434.86,1068.484
749.76,1370.4137
1204.0,1325.1134
1597.19,1623.9082
602.0,1243.7692
350.99,2255.9219
1172.0,1254.6849
556.14,1084.96
500.37,2069.5442
1172.0,1758.102
183.71,1533.4855
849.3,1027.1205
1204.0,1384.4437
1204.0,1346.1799
1172.0,2026.8744
32.24,1253.994
1128.12,1974.9801
1204.0,1124.482
1204.0,1548.1482
602.0,2024.5774
1128.12,1099.5544
1128.0,1271.4843
531.65,2318.76
1204.0,1511.2538
8533.02,2950.2156
1101.56,1190.1865
1128.12,2479.0552
61.41,1554.6293
973.9,1373.3615
2018.44,1340.883
1128.12,1334.5464
1609.49,1564.4513
419.87,2104.5388
30.98,1537.7346
1128.12,2078.9395
1204.0,1349.0046
1128.12,1084.1956
632.84,1058.5264
1204.0,983.84753
3412.77,1375.845
755.0,1460.8019
1172.0,1239.6943
1390.06,1299.5559
568.14,1316.7789
434.09,2066.9001
1128.12,1253.9038
1374.68,993.008
3801.13,1288.1841
7000.0,1737.0032
1204.0,1427.2095
1204.0,1530.7042
1128.12,1216.461
1215.61,935.83325
1172.0,3253.8806
1128.12,1350.5275
1253.33,1100.6759
1128.12,1169.9344
40.26,1607.2913
1452.0,1692.2432
1825.0,1976.8041
1204.0,2161.8674
1204.0,1346.176
611.37,1126.4517
1128.12,1057.2153
2833.86,1281.4272
750.3833333333333,2677.0234
1981.84,1328.9075
1309.22,1846.4663
199.64,1144.8248
1300.75,1549.4155
791.01,1190.2994
1172.0,1479.2079
752.65,1328.1466
618.55,1283.2396
1204.0,2132.6672
140.0,3036.1711
1204.0,1446.9678
2652.49,1229.8135
1128.0,1030.133
29.81,1541.9905
956.84,1334.7399
1172.0,1330.9609
1204.0,1650.1836
105119.665,1675.0061
1405.5,1317.4214
3672.0,1740.7136
2438.78,1711.1925
1204.0,1100.5574
1126.67,888.9042
1029.35,614.1566
1204.0,1178.2078
1204.0,1489.5986
1172.0,1263.4858
1128.12,1364.527
1128.12,1654.8508
1204.0,1888.1334
1128.12,1241.5702
1127.41,2060.0815
936.34,1319.827
1128.12,1697.8905
69.29,1493.5482
285.38,1246.2067
1128.0,1608.6339
1204.0,3203.0825
278.53,899.89026
1128.12,1524.2524
88.65,1373.8717
7154.23,825.99915
746.18,944.06714
1204.0,1696.1273
234.38,1230.1102
8183.22,1221.7218
1204.0,1292.1915
1128.12,1442.7142
1524.49,1367.151
1128.12,1341.2085
1204.0,2097.188
1128.12,1430.8428
197.84,1945.2205
1320.0,1533.8906
736.74,804.2736
1204.0,1219.3119
1204.0,1754.1478
1128.12,1811.966
522.33,1075.3552
1128.12,931.37305
2659.93,1857.978
11.44,1686.6064
1172.0,1366.2672
15381.25,1790.4324
5363.13,1929.2839
1172.0,1474.2745
1204.0,1707.7168
3127.62,1539.7502
970.98,1251.94
1172.0,1720.3131
2954.0,1607.8977
745.0,1294.9913
392.89,1070.8416
1172.0,1253.2911
1204.0,2151.2007
1204.0,1195.5806
1172.0,1498.7891
66.095,2191.4568
1128.0,1353.0956
166.94,1766.9526
2425.0699999999997,2373.0056
1544.93,2705.848
1204.0,1808.8099
76.01,1135.5226
13684.7,1701.6814
1204.0,1614.5319
560.12,2661.3228
1128.12,1220.1627
927.83,2056.7551
1128.12,2097.2048
1204.0,1961.1746
2524.0,1360.8453
171.01,2030.5184
49.39,1211.7393
400.0,1729.7445
35.27,1278.708
2725.04,1437.7373
404.33,1289.8473
10818.01,1766.8271
676.165,1858.8677
1204.0,1049.9539
1260.5,1163.4872
79.36,1220.9792
1198.92,1340.3678
586.31,1108.8491
1204.0,1083.8833
1172.0,1883.1549
1204.0,1250.1587
2602.0,2422.0945
1204.0,1652.2914
1172.0,1703.4756
2446.69,2318.4373
1204.0,1185.0332
1128.0,1355.1553
1725.31,2198.812
1128.12,1091.2427
1128.12,1835.9913
1204.0,1239.3568
1128.12,1231.1788
398.96,1273.7689
982.58,1130.4194
5000.0,2177.69
278.45,1402.2982
1172.0,1599.5203
1128.0,1349.7427
1204.0,997.30817
1732.33,1322.9681
4000.0,1644.1412
3000.0,2107.4963
1745.12,1359.6622
1204.0,1368.4554
1204.0,1306.0782
1128.12,1379.3041
500.0,2159.925
1204.0,1285.038
1128.12,2191.273
1714.0233333333333,1987.4105
365.72,2194.979
1128.12,1960.9585
1204.0,1376.4939
76.01,4992.303
1128.0,2134.8884
1204.0,2591.2156
564.0,1399.594
4565.32,8335.926
1168.05,1871.3934
56.9,2396.501
1204.0,1614.6204
1376.92,2119.7083
500.0,2334.79
1128.12,1756.6925
1128.12,2863.4258
1172.0,1671.878
1204.0,1737.497
981.85,1301.3915
1500.0,1643.5173
1128.0,1541.6324
2987.42,1843.0295
1172.0,885.1968
1204.0,1388.3004
1204.0,1595.1095
825.57,1579.3354
1128.12,2227.9243
107.0,1644.5576
602.0,1181.842
81.55,1442.0237
1739.0,1655.809
1172.0,1155.5872
331.16,962.1526
268.72,1190.7002
1128.12,1394.8291
2786.1,2295.8713
1241.53,1342.1951
155.42,1192.0614
1330.24,964.5376
315.57,1320.2545
47.96,1518.9784
1502.57,1408.9679
1204.0,1881.5886
1204.0,1296.8674
137169.81,2541.664
637.0,1486.5873
1128.12,1862.1343
1204.0,1573.2059
1721.3,1387.6339
1128.12,2089.5068
386.76,1391.0975
1204.0,1559.7534
446.35,2145.8262
238.0,1860.8721
1128.12,2412.363
1228.08,2070.64
822.56,1179.3453
2254.11,1449.9744
1589.51,1349.4852
1204.0,1732.4669
84.42,2437.2402
80.12,1271.4042
1128.0,1811.534
1114.47,1393.4783
2067.3,1724.992
1204.0,2204.8984
81.39,1655.2137
1490.25,1657.5098
751.44,969.8676
2735.14,1659.9847
1128.12,1198.4008
1466.8,1222.7161
1908.07,3781.3086
1128.12,1754.3386
1247.47,1647.072
1659.58,2219.9167
868.93,1491.0996
548.52,1621.1384
1204.0,1283.567
465.72,1944.4081
8098.13,1656.2394
1204.0,2924.235
1204.0,1168.8164
2524.0,1651.9502
85.65,924.9808
10000.0,2267.7273
1128.12,1194.8721
267.73,1296.7079
439.99,2015.8824
602.0,1405.8821
1204.0,1427.9644
4503.68,1338.2705
3294.08,1169.6171
647.27,1861.1542
1128.12,902.2934
989.11,1360.8284
1228.08,1560.3418
564.06,2073.008
1346.4,1551.1172
1204.0,2753.886
75.11,1943.7991
1204.0,1854.1511
11002.0,1801.1619
68.98,2027.7937
1128.12,1414.8635
1204.0,1224.237
944.57,1998.3549
3045.62,1568.1407
929.2,1492.0192
1204.0,1165.6823
1392.99,1893.6389
1128.12,933.3733
1128.12,1196.5701
1204.0,1384.7936
1128.12,1865.757
1204.0,2748.928
1128.12,1522.5382
702092.76,1540.2716
1128.12,984.25055
1204.0,1269.7102
1204.0,2007.896
1204.0,1145.4779
3000.0,1592.5226
2524.0,1899.0471
154.53,1470.43
1128.12,1725.985
1194.16,1616.1355
1204.0,1058.2625
1204.0,1908.1515
947.63,2155.7969
4839.91,2985.698
1204.0,1637.968
8415.28,2176.1692
676.06,2243.1357
1128.0,1423.0635
610.18,998.1569
1128.12,1481.1234
564.06,1435.9265
1204.0,1782.6105
1128.12,1300.0264
1172.0,1126.3743
76.59,1105.064
200.0,1076.55
1204.0,1475.5961
1128.0,1339.0084
1628.21,1683.8615
1128.12,1470.022
472.95,1788.7002
16.79,2288.1577
18530.0,1341.8828
989.22,850.8038
1128.12,1262.1147
1204.0,1726.87
1128.12,2331.657
1298.89,1857.3579
1204.0,1577.023
133.01,1317.5577
529.12,962.8552
1204.0,1324.0245
575.88,1014.69684
1172.0,2230.586
1128.12,1323.9803
1204.0,1286.8303
523.29,2157.297
1204.0,1200.1134
358.55,1129.1443
1204.0,1274.4767
1938.33,1441.6353
1417.05,1237.757
1563.68,1286.2997
1204.0,2256.0703
915.82,971.20276
75.0,2385.244
1128.12,1344.9993
942.29,1935.6688
781.5,1584.5592
1172.0,2379.186
701.44,1954.6113
283.52,809.152
52.88,1282.2004
1128.12,1090.2144
844.07,2050.0264
7293.16,1820.4426
1204.0,2108.6785
130.65,1530.208
1204.0,1297.1562
1204.0,1246.5621
1172.0,1171.9724
1204.0,5031.209
1191.09,2040.613
1128.12,1228.4954
1128.12,2109.5916
1172.0,1721.636
2576.0550000000003,1733.1179
1204.0,2152.1477
301.05,1679.102
757.58,846.2951
1128.12,1348.4824
1204.0,1447.7125
2755.05,1697.281
466.33,1425.0021
1204.0,1237.656
1172.0,1308.4719
1128.0,1068.0261
1222.465,1849.9889
1204.0,1296.6362
7142.95,2081.8113
1128.12,1716.0217
1128.12,1093.1118
1128.12,1715.9194
1172.0,1373.4983
1331.03,1794.1406
602.0,1541.3016
1128.12,1761.3846
1204.0,1863.9954
693.68,1021.039
1417.95,1278.291
220.39,1705.5847
1069.395,1303.5981
5809.97,1559.073
1204.0,1604.0175
10000.0,987.5729
1204.0,1917.5463
2655.4,1034.596
1204.0,1648.2883
1378.6,1381.9321
1204.0,1047.6818
1268.76,2383.6272
647.33,1460.6061
450.64,875.39386
69.08,2248.4763
1003.15,1710.2904
1128.12,2829.8176
1128.0,1694.1841
1128.12,1380.5662
602.0,1689.7766
1204.0,1223.2118
75.11,1300.1373
1128.12,1440.2301
1204.0,1644.0269
35.46,1963.3696
4143.85,1660.6371
1128.12,1640.0923
1204.0,2201.819
1128.12,2337.2195
1204.0,1675.1171
1172.0,1237.1492
3793.0,958.81744
1128.12,2456.0383
701.03,1457.2301
2038.62,1185.253
5.07,1573.5676
602.0,1556.2579
2513.39,1808.0183
1204.0,1434.1439
142.97,1125.1932
1128.12,1413.2056
1128.12,1442.1984
1128.12,1570.5385
614.04,1201.1279
1128.0,1283.3119
1204.0,2435.4827
1051.76,1613.649
1204.0,986.01495
1220.38,1353.364
1028.99,1783.3119
547.62,1484.9606
1128.12,895.98535
1128.12,3818.8276
1172.0,1240.0709
1204.0,1808.7771
677.15,1434.3751
1204.0,1271.4526
586.0,2342.9795
1204.0,1639.0087
904.41,1881.9933
5468.42,1137.5814
1251.14,2138.0017
86.61,1737.1266
277.41,951.83594
1172.0,2401.564
1128.0,1965.5616
287.61,1809.8883
879.305,1447.1935
1307.3,1269.1613
1204.0,1082.6627
58.69,1276.8947
154.46,1502.3215
1610.48,1306.1685
76.21,1520.9526
1243.64,2499.5498
115.07,1130.3483
5.89,1817.5942
1128.12,1294.7858
624.005,1659.1554
5025.19,2889.595
536.49,1289.0277
722.92,793.49774
1172.0,2126.2954
95.05,1240.3921
1204.0,1060.5583
1128.12,1272.0803
3204.0,1422.8484
1204.0,2101.5554
1204.0,1372.1864
1128.12,1117.1426
1172.0,1081.1831
53.9,1706.477
1172.0,1251.5037
143.83,2614.2485
1172.0,2060.5166
500.0,962.0714
1204.0,1181.872
1172.0,1276.1387
117.71,1416.4202
92.28,866.93054
299.18,1023.24054
2616.8,1390.1957
1399.64,2324.9512
1128.12,2316.7651
39660.0,1142.888
1500.0,1710.938
680.75,1882.8936
209.0,1456.2819
1128.12,1151.9797
1942.19,3555.617
1204.0,1418.826
2256.25,1521.528
1128.12,1137.6813
1128.12,1267.1415
436.18,2199.0615
1204.0,1432.027
1204.0,4132.076
3740.49,2010.3207
701.36,1245.5806
793.89,1372.7773
1128.12,1071.2593
1831.485,2971.7642
204.09,1362.5049
527.0866666666667,1859.7322
996.915,2413.4802
1204.0,1972.4945
1403.15,1576.0149
2875.5,1880.4674
1204.0,1286.5917
1128.12,1555.7394
54.28,997.332
1172.0,1587.0258
6128.82,1788.1842
1172.0,1492.0974
1128.12,1107.3585
1204.0,1852.215
1204.0,2525.4949
679.39,1563.2969
576.06,1919.0024
1128.0,1132.1122
71.29,1245.918
1128.12,1367.8656
126.72,1759.8147
648.18,1616.6064
3204.0,1874.0037
2289.47,1277.335
1944.83,1165.4539
3834.82,1451.3385
108.93,2190.8467
1204.0,1228.1077
1940.4,1285.6553
1081.2649999999999,2047.2716
3496.89,1230.4834
1172.0,1620.2946
3172.0,1635.8044
119.01,1990.9095
182.76,1097.1677
1204.0,1500.5338
1204.0,1181.562
1204.0,2204.067
1121.22,1211.9005
723.66,1506.6029
1128.12,1194.6864
1128.12,1445.9071
7000.0,1509.8241
861.895,1683.1278
4963.33,2160.7131
59.35,1147.8131
1128.12,1052.1686
1172.0,1913.0355
1172.0,1146.0723
16317.245,2234.0134
1172.0,1184.4678
3810.47,1642.1605
1204.0,1291.0897
1204.0,3409.9985
1128.12,1276.7711
1128.12,1441.6985
268.42,1193.0195
1942.28,1518.7974
258.46,2180.146
1204.0,1140.0968
1800.06,1365.2994
4449.86,1137.7708
81.37,1173.1007
223.84,1840.6451
1172.0,1461.2052
727.54,847.48596
997.6,1907.6747
1204.0,1067.5419
1701.1,1688.3108
558.63,1505.8035
2408.0,1828.8387
702.67,1287.6897
486.09,1273.3165
1204.0,1477.6943
1128.12,1393.7573
1172.0,1588.1394
1204.0,1171.7981
1204.0,1795.7455
1128.12,1319.2677
1204.0,1270.8204
586.0,1126.839
2128.12,1242.0292
3204.0,1839.7684
1128.12,2495.478
1204.0,1081.5869
152.45,1770.9695
1204.0,1252.5347
335.39,1940.2616
1204.0,902.87225
2704.0,2386.145
2704.0,1536.5568
846.06,1457.6561
450.53,1796.997
1919.84,1751.2654
1706.49,1359.7543
1128.12,1031.7336
1128.12,1603.3376
1128.12,4955.3286
530.39,1851.4017
11006.02,3561.7869
1172.0,1467.7947
1172.0,1655.7909
1172.0,1533.7064
1172.0,1327.7484
2240.0,2232.4033
1964.16,1126.5107
152.45,2073.966
73.3,1208.4624
1204.0,1931.8754
1204.0,1341.4983
1128.12,1398.7834
5680.82,1292.2402
1128.12,1570.3715
1204.0,1310.3688
1128.12,2071.7944
1963.93,2380.2527
1128.12,1951.8889
1204.0,2276.8428
1128.12,1754.1923
642.78,970.2886
1128.12,2002.9425
1204.0,2712.2112
3637.36,1086.7499
1204.0,1063.2303
424.14,1194.7759
68.98,1574.749
75.99,1813.9863
2704.0,1076.317
1204.0,1229.5227
1204.0,1341.1311
4260.7,1214.1807
90.68,1067.0686
1128.12,2199.61
13501.72,2119.8074
1128.12,1483.7864
1753.7800000000002,2098.6245
3204.0,1199.1798
2748.92,1019.1308
500.0,1218.7045
967.0,1432.6171
1108.24,1133.3615
1204.0,2155.8174
2115.0,1931.4618
76.58,1201.1731
1172.0,2541.1125
63.27,1865.8077
1007.35,1184.784
564.0,1200.5862
1204.0,1196.9587
3405.99,2072.6047
363.58,990.97546
1172.0,2258.3586
2620.55,1677.5798
1172.0,1719.5831
134.16,2064.04
1204.0,1808.0726
1433.02,1085.9926
3065.2,2784.9385
1190.05,2153.216
1204.0,1369.4463
1204.0,1780.9784
152.45,1736.7133
1331.43,1304.4413
337.04,2301.4692
1128.12,1884.8168
506.39,1579.752
1204.0,1266.2476
82.05,1775.9961
1204.0,1628.7776
602.0,1386.6769
1172.0,1510.2712
206.21,1188.3837
629.05,1099.3918
1204.0,1540.6396
290.81,1946.0128
1204.0,1567.1825
319.82,1925.9658
1204.0,1408.624
1172.0,1454.5857
1172.0,1789.9937
1128.12,1936.6909
2041.85,1899.894
1204.0,1799.541
770.54,1668.1051
5774.26,1029.319
1128.12,1137.8293
1204.0,1777.1211
644.21,1738.6538
1128.0,1061.2444
1128.12,1919.1946
1204.0,1772.5433
1113.65,1426.961
809.72,1985.8313
1900.77,2537.0227
1204.0,1447.9652
1320.0,932.2866
1783.87,1433.04
1076.17,2042.0955
3121.15,1430.5289
1204.0,2331.1646
374.7,1717.478
556.14,1584.4753
3316.55,1640.6469
1128.12,4437.829
35.33,1809.8892
1128.12,1356.6864
1000.0,1521.9059
975.78,2230.8892
3268.86,1351.4584
1204.0,1759.245
1204.0,1617.7593
1181.77,1478.7094
1172.0,1879.2385
2145.65,2378.0916
1128.12,1182.0776
1204.0,1305.0535
1128.0,1137.0695
330.33,2518.0586
1172.0,1093.0831
80.92,1118.6698
4272.37,1036.4363
1172.0,1515.0627
2963.39,1501.397
1128.12,2149.6072
1128.12,1385.8644
1809.24,930.64325
1204.0,1823.513
571.8199999999999,1862.5436
2524.0,1273.1593
697.47,1168.2587
845.3,1342.702
1204.0,1797.6132
25152.45,1211.897
1320.0,1132.0128
1172.0,1168.7034
1204.0,1535.1455
1646.45,2198.9956
782.65,1683.4985
1204.0,1423.527
1128.12,983.8522
1204.0,1871.4542
1128.12,1201.3622
1128.12,1216.8514
2704.0,925.59406
649.54,1227.6211
1128.12,1996.0273
2408.0,1514.3167
1172.0,1088.3269
1640.63,1244.5594
1172.0,1313.0846
2622.66,1182.2766
1204.0,1475.4103
520.32,1264.5099
801.3000000000001,2403.7947
898.11,1734.1926
1128.0,1383.8655
1128.12,1183.0859
556.14,1987.5033
1204.0,967.3749
1204.0,2620.0566
1204.0,1647.2103
1167.0,1101.4777
1.82,2082.122
81.32,1764.5194
900.0,1668.3247
37.84,1671.533
2377.31,2087.1758
2056.59,1466.7389
1204.0,1797.746
1128.12,1179.8302
335.835,2252.8054
86.49,1231.7484
1204.0,1250.91
602.0,2286.249
1492.3,2049.4976
1461.26,1458.6288
5050.8,1538.7491
1128.12,1180.791
1172.0,3333.9744
1128.12,2372.1707
1204.0,1216.8097
1172.0,2234.6133
1172.0,1564.2267
1412.4,1646.25
1172.0,1146.3079
1204.0,1505.4094
1172.0,1774.2532
1204.0,916.60034
3000.0,2356.8313
602.0,1019.1055
341.66,1227.7627
1204.0,2710.3662
944.02,1540.4362
1128.12,1154.2142
1204.0,2083.8193
1128.12,1188.1588
1128.0,1621.9751
305.95,2270.1453
1204.0,2065.98
1204.0,1696.1758
623.56,1525.4988
3204.0,896.65466
955.95,1680.8796
1067.56,2114.6494
1204.0,1180.9385
163.38,1210.0238
1128.12,1089.0448
1248.72,1503.4459
1128.12,1505.0433
1204.0,980.2581
1275.48,1575.7623
1204.0,1310.1282
506.1,1891.8176
313.22,1597.3435
666.5049999999999,1271.4569
252.45,1359.2998
1204.0,1550.7281
4672.0,2881.0964
1128.12,1090.5471
1128.12,1317.8882
1128.0,1356.3351
602.0,1247.0282
1354.99,2352.605
2351.47,1543.3042
7777.0,1413.3269
1204.0,1107.9739
301.67,2426.2153
1006.89,1401.9431
154.98,1484.7078
4919.11,1380.5161
1204.0,1000.83826
737.35,1365.3711
1128.12,1856.5363
1172.0,1549.3461
1128.12,1889.2655
358.23,1541.3413
1204.0,1909.6761
4636.24,1309.7091
9700.0,1842.2098
1151.72,1451.632
1204.0,1438.4951
1172.0,1687.1857
4512.2,2347.6272
596.37,1008.37103
1128.0,1175.7305
1172.0,2279.2988
1128.0,956.9635
1172.0,1313.917
556.14,1825.4878
1128.12,1449.062
878.32,1241.958
1497.1599999999999,1473.9315
571.46,1370.9653
1172.0,1081.0713
1172.0,1538.4277
3052.27,1427.0441
1204.0,1238.476
1204.0,1663.7654
1204.0,1492.4681
1144.64,1119.8519
2331.35,2392.313
1172.0,1963.3987
4000.0,1270.0753
1204.0,1680.6897
1172.0,1015.12994
245.57,1311.452
1204.0,1320.3961
1128.12,1343.6416
1128.12,1251.86
1204.0,2295.8057
476.95,1746.9451
1172.0,2136.0972
1204.0,1110.3612
1128.0,1496.5923
1128.12,1043.8765
866.49,1196.5724
4217.4,1447.9928
1204.0,1253.8105
1172.0,1391.0338
1172.0,2355.7144
83.85,3789.019
1128.12,1249.9083
1204.0,1552.8873
1128.12,1228.1862
2709.48,1726.5488
1520.0,1521.911
551.05,1831.9502
6467.65,1196.783
2204.0,1687.9332
1128.0,1633.7433
978.39,2036.1245
6172.0,2340.178
1228.08,1468.1733
1128.12,1970.8304
1204.0,1705.9019
1204.0,1045.9996
1204.0,1440.2426
1204.0,1788.2166
1204.0,1831.9634
1172.0,1838.6898
5127.2,1343.7487
1185.02,1785.5233
5335.72,1513.7672
2684.19,2345.1768
1172.0,1691.2001
1128.12,986.49274
794.5600000000001,2194.5488
1204.0,1495.006
1128.12,1302.3785
1524.49,1929.4615
1320.0,1447.647
1204.0,1480.0045
16334.36,1901.7104
1172.0,1499.9666
378.21,2161.36
1173.35,1452.0334
1204.0,1345.9122
527.9,1165.8218
1362.81,1179.9518
3204.0,1339.359
80.8,1746.6027
108.64,1127.6743
700.0,1326.4188
117.21,1526.5634
48735.0,1955.0905
1204.0,1574.3293
3684.17,1432.0631
1204.0,2269.3574
68.8,2460.4048
1204.0,1852.3086
1204.0,2500.0288
4160.0,2817.596
5149.3,2451.023
1933.64,1609.2844
1262.0,1684.2003
2090.66,1370.2418
315.29,1209.518
1705.29,1441.9894
555.83,1123.9203
1204.0,1409.189
1727.955,1695.6534
82.86,1844.5013
2140.1,1953.9125
1128.0,2217.124
1204.0,1192.9451
214.5,1420.9458
1094.22,1825.0092
1548.32,2127.4548
10000.0,2479.3613
1172.0,1745.2333
1938.94,2474.6274
1215.16,1198.3185
1172.0,1515.1473
1204.0,1027.2616
76.5,1093.6514
1128.12,1695.5321
414.94,1645.3899
1204.0,1525.0042
239.3,1940.146
124.7,1109.6128
650.24,1194.6266
21594.95,1444.7279
698.13,1462.5178
1204.0,850.0665
1128.12,1246.2739
323.82,1873.0289
434.07,968.5773
75.98,1133.4895
1172.0,1003.3263
3626.71,1663.7352
1658.37,1561.917
1128.0,1892.4194
462.84,2505.7625
1172.0,1748.0667
1194.59,1645.998
602.0,1099.7023
1204.0,1741.4625
1172.0,1318.8168
1204.0,919.6654
1729.54,1720.5231
1204.0,1322.5651
1346.68,1840.5907
1128.12,1439.0701
1600.49,1018.5527
1980.78,2179.0474
1783.65,1342.6841
756.81,1651.5721
333.05,1077.881
1204.0,2534.7761
843.25,1148.8245
1172.0,1177.3232
1204.0,1170.7704
1204.0,1442.0719
45.37,1007.1106
1105.37,2256.4512
1692.0,1826.7408
1172.0,983.03156
1128.12,1584.8743
82.52,1209.319
214.9,1192.6106
1704.0,1311.7247
1940.4,1535.7181
367.49,1108.266
80.51,1192.841
913.01,1076.3027
1204.0,1788.0342
1204.0,1449.9515
1204.0,1387.677
1172.0,1189.2046
1128.12,1414.9662
1172.0,1341.55
1589.55,2246.015
1204.0,1066.1903
1048.0,1001.6069
668.98,2087.116
329.2,1442.3848
1310.01,1679.7683
5425.48,1590.3583
1128.12,1276.0457
1450.14,1204.0886
1204.0,1258.734
1204.0,1975.6714
2779.85,1828.6355
133.96,1178.387
75.67,1133.0973
591.95,1655.9093
1228.08,1548.7418
1204.0,1462.7821
3401.9,1534.4635
1204.0,2190.248
1204.0,1346.8341
171.15,966.9912
602.0,1573.7432
1324.4,1677.8943
1128.0,1452.5791
460.58,3776.004
1523.22,1046.3623
274.0,1663.3085
452.245,1448.9922
533.3,1425.8231
1320.0,1334.7812
2873.18,2462.131
1204.0,1172.929
15082.05,1587.7987
115.5,1394.7047
5445.27,1295.6288
1204.0,1024.9917
45.0,1578.1046
778.24,1330.756
1204.0,3168.2905
840.32,2137.9844
2633.02,1093.0175
1204.0,1636.0259
277.65,1957.4636
1204.0,1420.9838
1415.11,1225.9574
1204.0,1215.906
1374.81,1703.8004
1239.55,1628.4204
586.0,1137.3373
1199.36,1423.6532
1128.12,1392.8412
80.5,1333.2515
7345.575,1402.2627
1070.52,1226.5784
1517.2,1132.8488
1128.12,1762.2096
1172.0,1296.2275
1000.0,1891.6498
1204.0,1136.166
716.88,1411.1128
2496.0,1398.2133
10000.0,2250.8555
962.61,2253.5715
4172.0,1673.5674
1320.0,1051.3496
1204.0,1949.2512
602.0,1493.4015
1128.0,1218.0345
1204.0,1502.351
1172.0,1317.4521
3500.83,2016.9247
1204.0,1503.0947
2451.02,1412.5985
1172.0,1369.8015
3054.0,2679.9048
629.24,946.9355
75.37,1691.2244
1128.0,1003.7173
1128.12,1940.085
1204.0,1811.8666
2256.25,1122.0514
1200.0,2279.4827
1128.12,1453.0973
23.92,1918.2184
170.32,1711.4708
1128.12,2268.904
2142.92,1723.8999
1670.07,1358.8027
9831.94,4013.043
1204.0,1660.7732
1204.0,1649.4991
1534.99,1563.2909
420.0,2616.8713
1172.0,1973.0494
1712.095,1611.0327
1128.06,1400.2008
1128.12,1458.3374
1404.0,1340.1128
1028.7649999999999,2662.1743
1200.69,1219.9469
2459.8,2022.6948
1128.12,2089.9731
1452.0,2041.9446
1204.0,1454.4574
131.13,1434.408
1172.0,2470.3584
804.36,1157.098
658.885,2102.297
16113.0,2379.8555
4653.56,1387.8173
564.06,987.87384
236.18,1593.5958
528.35,1305.4337
967.53,1580.7994
3551.935,1148.4553
1204.0,1501.9484
460.88,1577.353
913.07,853.9675
1128.12,677.1158
602.0,1118.3022
1204.0,2720.9575
64.72,1044.8018
1750.04,1801.2649
4172.0,1913.3512
699.55,1523.9603
87.6,944.4292
1204.0,2099.371
1688.22,1148.2861
1204.0,1254.1627
2264.79,2822.7034
1723.86,1576.9846
564.06,1407.7114
1172.0,908.292
1588.33,1617.5109
923.54,1740.9128
889.82,1591.8947
1128.0,1167.405
393.01,3193.4685
2484.92,1461.1125
1128.0,2144.117
631.82,1730.0769
2287.505,1592.7664
1204.0,1588.6809
92.49,2761.705
1128.12,2405.2346
527.72,1618.9885
63.86,1066.7909
76.0,1326.7528
983.67,1293.4004
1204.0,1024.1509
425.68,1001.8362
1204.0,1087.6582
1204.0,1344.4613
1172.0,1554.5721
1128.12,1673.6464
75.12,1384.447
1204.0,1299.5348
6000.0,1802.6879
627.16,1870.9545
14062.0,1569.4648
3204.0,986.07275
1172.0,1783.2056
5912.28,1101.2192
252.91,1752.9413
602.0,1615.3466
179.46,1270.5775
812.84,1076.8442
1204.0,1146.8065
625.74,1017.149
1128.12,1159.1882
2059.77,1738.2096
1128.12,2147.5017
7777.0,1449.5962
1204.0,1211.7988
1172.0,1302.3667
1204.0,1789.2324
328.095,2550.4343
1172.0,1216.9756
1172.0,1613.629
1500.0,1250.4396
1128.12,1260.8232
2929.32,1299.4697
76.5,1800.6809
1320.0,1563.7599
602.0,1713.0042
69.29,1047.061
1185.49,2348.0806
704.205,1632.0717
45734.7,1235.1427
880.0699999999999,2876.3647
80.77,1496.4067
2476.62,1429.671
1128.12,1354.8387
98.64,1622.7843
1128.12,1342.7539
1204.0,1229.6311
1189.9,1349.78
1172.0,1345.7607
1727.65,2348.852
574.37,2091.326
3408.79,1200.7917
1172.0,1349.5206
1204.0,1059.889
1128.12,1379.3843
73.66,1670.0924
1215.64,1149.983
631.8,1068.3613
443.54,1611.5981
156.78,1044.4302
1204.0,1870.7609
5870.78,1611.7911
2548.65,1705.4115
1188.83,1119.7377
1204.0,2013.7035
50.36,1262.8064
1128.12,1585.107
1204.0,1777.2194
1663.46,1544.9542
4954.25,1579.276
4576.0,2141.1165
1172.0,768.8446
1204.0,1093.1946
1128.12,1610.6725
1204.0,1290.764
674.04,1635.3848
1204.0,2215.7668
1204.0,909.99915
1128.12,1162.2511
1204.0,1817.6627
1204.0,1827.7585
180.08,1207.7498
4363.49,2264.018
1894.0,1547.8005
3233.87,1401.9546
1172.0,1228.7672
262.98,1500.5446
567.25,1514.4113
1204.0,836.77655
1172.0,1392.9089
1204.0,1799.5488
1204.0,1806.9401
228.67,1506.4104
1128.12,2352.4758
811.8,1406.5754
765.2,1572.9254
1172.0,2166.534
391.4,1608.4038
820.0,2658.0166
1378.12,1831.7179
602.0,1456.102
4043.67,1524.062
68.45,1242.298
1204.0,810.68286
538.95,1746.92
1989.66,1200.7643
2633.56,1544.0234
1128.0,1240.0886
2026.0,1746.7377
522.96,1764.3729
1128.0,1276.5447
1128.12,2618.062
1890.365,1444.8457
2716.23,1389.9286
12.19,1007.08704
984.07,1264.1378
271.83,1871.8174
6960.0,1384.787
1204.0,2050.2668
1252.92,1248.3514
1172.0,1563.7808
1128.12,1626.6943
1166.86,2165.4463
1172.0,2314.7842
1204.0,1472.5912
1462.7,1771.7288
1204.0,2009.1218
1326.66,1121.0402
1778.05,1511.359
501.36,1128.8644
74.57,2015.869
76.6,1352.9059
1204.0,2570.5588
1172.0,1253.0479
1172.0,1133.7788
3493.67,2169.0903
4317.59,1447.4937
1128.12,1420.517
2437.96,1700.9358
1204.0,1606.8936
1128.12,1814.5287
1172.0,1486.9722
1204.0,1577.8903
1172.0,1318.5728
2979.09,1259.2089
1657.08,1550.6587
1204.0,968.3062
7800.0,1316.4813
6670.0,3094.767
1128.12,989.14844
11350.0,1801.453
730.13,2416.1572
1204.0,1962.2568
970.035,2115.7256
1172.0,2272.3677
1128.0,845.11475
1128.12,1748.1483
2421.14,1075.1327
602.0,1109.6102
240.05,1565.7439
1254.82,1139.6614
218.51,1960.5565
1346.4,1842.1158
55.0,1718.3094
1320.0,1877.7399
602.0,1033.6729
76.17,1519.7137
179.99,1634.2654
3926.62,3547.85
601.29,2519.2056
1128.12,1275.0463
1172.0,2187.889
5204.0,1553.4265
1128.12,2559.147
149.48,2524.759
79.29,1038.2848
2121.28,1688.2255
1204.0,1242.0267
1172.0,1446.9313
102.14,1589.5767
1204.0,2250.1624
59.08,1343.5398
1605.34,1598.1495
602.0,2274.9395
1172.0,1506.8536
1204.0,1232.2572
1144.89,1123.2094
1128.0,2254.7893
1749.13,1962.5376
1172.0,1249.4519
1204.0,1488.8282
76.01,1235.2081
1037.89,1644.0754
1147.46,1247.7533
1172.0,1174.8462
288.73,3250.2024
2469.42,2171.0325
319.2,1435.9963
1060.83,1300.2767
1172.0,1839.6948
1128.12,1315.6906
1128.12,1549.4598
225.68,1459.0698
1681.12,2108.4592
360.22,2171.3813
975.665,1083.8203
697.31,1716.0167
1204.0,2493.3762
1172.0,1246.473
1204.0,1321.5935
14.98,2477.323
2346.77,1552.1182
1584.54,2103.608
1250.4,1601.7039
443.12,1224.0747
1524.49,1468.1964
67.0,1083.8647
1128.12,1280.5214
323.48,1879.2671
161.85,1257.4778
976.67,1322.7593
214.94,1316.3376
2113.9,1201.1542
1204.0,1195.84
235.12,1222.585
1128.0,1181.0505
4532.02,1367.3778
3536.53,1832.457
5424.0,2387.259
445.53,1585.5153
1547.58,1357.0693
563.19,1793.8267
1128.0,1249.3596
1204.0,2125.2415
1128.12,1545.7147
1204.0,2380.0552
271.65,1323.6344
1152.62,2291.9326
1172.0,2656.3289
1512.14,1263.5942
1172.0,1480.7534
177.32,2034.8268
1128.12,1007.51117
2388.95,1153.0354
1204.0,1159.4281
602.0,1378.684
80.59,1492.0953
3642.51,2177.9016
117.16,1333.041
563.17,1953.1849
1172.0,1082.0553
69.65,2439.702
1937.0,1403.5853
1204.0,1792.58
500.47,1452.8279
1204.0,902.2426
7715.19,2017.1056
1396.49,1188.9017
272.51,1431.3204
3638.91,1463.6027
2458.93,2517.9265
1228.08,2599.4229
1204.0,1083.8043
1204.0,1487.9332
1128.12,783.83075
464.62,1626.1531
81.46,1486.5015
167.28,979.63153
1326.54,1789.6676
4052.09,1435.3624
91.0,1821.3761
1314.75,1487.1339
1204.0,2317.9255
1204.0,2147.7065
1172.0,1856.2831
1172.0,1655.2485
1128.12,1564.5206
1172.0,1221.0999
1881.02,2478.0696
1172.0,1798.7012
35063.27,1428.437
1128.12,1101.1888
1204.0,1480.4781
152.19,1052.3126
1128.0,1847.4315
63.37,1759.923
1128.12,1935.2942
1172.0,1420.4683
1440.28,2049.9717
1128.12,1806.1769
1128.12,1659.968
3500.0,2369.9614
1683.52,2131.5164
1628.0,1778.1814
27204.0,1268.5513
629.01,1179.626
1413.96,1599.9406
150.61,1043.8486
681.74,1221.8704
763.75,1273.2765
1128.12,1217.0546
1128.12,2438.8364
136.24,1824.8481
1172.0,1445.4824
540.9,1115.9005
1200.0,1394.3629
323.31,1157.1294
712.62,1144.8635
1128.12,1334.4707
69.39,1418.1631
2205.71,1323.1882
357.03,1212.0519
266.13,1456.1062
1172.0,1338.9471
1128.12,1535.3469
591.97,1584.4609
1128.12,1592.6091
1172.0,1607.3258
2408.0,1834.4188
803.81,2151.534
2211.87,1893.7572
1172.0,1199.38
1128.12,1454.7661
300.0,1569.1199
356.14,2268.4412
1128.12,1616.8384
1373.24,1313.2443
964.39,1722.1064
1204.0,1265.0339
1204.0,1442.9489
691.89,1682.372
1204.0,1820.9619
1128.12,1573.3125
1204.0,1037.2406
438.16,2258.91
1500.0,2290.864
1293.37,937.3307
1204.0,1766.8811
1280.25,988.9107
1128.12,1442.0657
455.21,992.6075
1314.89,1931.2362
159.19,1133.0054
500.0,1959.9171
86.28,1291.1458
1204.0,1503.8446
1297.84,2701.185
602.0,1256.5295
69.47,1010.5679
236.37,1467.943
1128.12,1889.835
987.44,2015.0925
1204.0,1779.234
1128.12,1990.1028
1128.12,1455.6564
1117.02,1771.1805
1204.0,3044.8557
1940.4,1267.7477
1204.0,905.69965
958.33,1781.7411
696.25,1664.7994
1172.0,1213.7992
1128.0,1340.0073
1204.0,1329.3252
1128.12,2155.4475
1730.65,1368.4071
1204.0,1386.1208
1806.32,1045.8031
1743.61,897.6056
80.92,1656.1375
1204.0,1749.5635
1204.0,1138.3894
5652.15,1347.6827
1128.12,1193.2203
830.26,1626.0585
98.07,4065.8267
660.0,2129.6135
1023.37,3304.1667
1172.0,1677.3567
1172.0,1506.0024
171.58,1329.8044
235.88,1352.2919
2147.22,2132.4526
1128.12,1190.2819
8676.01,2042.3146
1172.0,1234.5427
100.3,1562.6395
1128.12,1589.6183
1128.12,1456.9529
1128.12,1030.5516
1204.0,1142.8003
1172.0,2778.3794
761.27,1805.0997
1405.8,1485.3833
1929.17,2567.7278
1204.0,2148.7412
7170.57,1358.819
1435.0,1901.4492
69.29,2272.3699
1128.12,1061.0444
630.67,1275.0342
1204.0,1907.4865
40.02,1170.8608
131.8,1629.2623
1204.0,1414.2585
277.33500000000004,1357.7549
127.63,1323.6521
522.43,1182.668
660.0,1870.2427
2303.65,982.9809
575.15,1329.9388
1204.0,1586.4069
3022.34,1497.9567
1204.0,1201.1095
379.94,1357.0144
1204.0,1874.6829
2652.49,1545.7781
7145.0,1158.6157
1628.12,1851.5978
2524.0,2089.186
714.87,2114.736
1228.08,1621.2614
4128.0,1799.6311
1172.0,1360.1472
1128.12,1146.7611
403.4,1152.0638
75.92,1690.8348
1797.5,1481.9331
1204.0,1342.8397
1172.0,1787.7877
76.62,1155.7684
1172.0,2193.2642
347.17,1568.3801
27.64,1587.7668
165.12,1547.3312
753.28,1409.0055
1172.0,1699.5973
227.37,2215.4172
97.13,1798.9379
927.94,1329.5103
86.09,1804.4191
586.0,1216.4204
79.14,1249.4596
266.19,1434.5311
1182.67,931.56006
2724.27,1952.3655
1128.12,1205.9261
1172.0,1363.1866
139.44,1495.7112
291.8,1143.9315
1128.0,1473.7959
1128.12,1943.9446
1346.4,1373.2618
1128.12,2850.5776
1204.0,1548.332
1128.12,2155.941
1128.12,1507.4423
773.84,1496.815
2727.28,2437.926
1399.65,1057.4312
826.21,1923.9547
1128.12,1759.5043
1172.0,935.0919
1204.0,990.614
1172.0,1983.7549
170.65,1241.4069
1549.25,2409.405
1128.12,1636.3746
1204.0,1304.6846
1204.0,1533.1083
81.11,1583.2397
1204.0,1447.3467
69.18,2703.9932
1172.0,1170.8804
1204.0,1312.8173
1128.12,1656.944
2906.79,1727.0652
309.49,2088.688
1128.12,1380.6833
2255.18,1511.2977
1204.93,2457.4197
1204.0,1461.82
2855.26,1221.1138
763.2,1600.1436
910.08,1605.2432
1128.12,1646.3073
1587.5,1988.64
1412.4,3380.7974
1204.0,1860.927
1128.12,1546.2698
810.22,1565.8834
1128.12,1206.6434
1128.12,1971.4291
7000.0,1590.6699
6004.49,1721.6794
600.0,2127.0986
880.0699999999999,1800.5272
807.91,1272.7914
1204.0,1380.2284
1172.0,886.40015
6678.2,1611.6989
2344.0,1939.6455
1128.12,1434.5516
111.59,2088.8174
2056.99,2081.5354
13563.7,1137.64
831.96,1291.1187
337.82,971.38385
1142.42,1622.378
1204.0,1337.628
1209.68,1649.6652
248.51,1255.1475
3204.0,1060.387
744.43,1458.3201
1172.0,1144.7303
1204.0,1939.3542
1204.0,898.79156
420.0,1357.6512
899.18,1037.7076
1172.0,1296.3264
1128.12,1059.5732
3753.92,1742.1178
1322.75,1616.6742
71.1,3244.0461
1204.0,1573.9346
812.295,3360.1038
1128.12,2038.8604
75.0,2026.4347
1128.12,1175.328
797.08,1274.3679
1128.12,1289.578
1639.37,1202.6632
1347.39,1577.6449
645.74,1262.474
1128.0,898.18915
714.79,1431.1334
1172.0,1476.3661
1204.0,908.3487
1204.0,1676.2477
120.89,4052.9275
4732.68,1517.6238
1128.12,2027.9407
1544.27,1295.942
1128.12,1709.6283
1204.0,1645.4055
1204.0,1730.874
781.79,1404.1945
1128.0,1778.1136
53.97,1582.6012
514.08,1620.6809
756.51,2066.7603
1346.4,1227.459
1204.0,1621.3673
201.81,1096.5327
80.0,1520.0834
327.57,1359.2285
1128.12,2407.6846
60.76,1550.689
762.74,1149.2534
5471.23,1560.1536
1204.0,1144.0543
114.67,1306.1393
8348.92,1066.8468
1644.5,1405.5925
1204.0,1291.6672
4000.0,1863.7474
595.98,1993.3699
1128.0,2914.7825
1204.0,1283.4409
1338.31,1195.1719
1089.14,1536.8477
987.12,1185.1626
925.96,1493.7719
2723.29,1069.192
1128.0,1688.6449
235.2,1315.0007
4635.72,1394.6721
1990.92,1436.108
1128.0,1925.537
1204.0,1583.1311
1128.12,1610.7485
3753.19,2585.0425
1204.0,1835.2876
1172.0,1653.6888
1204.0,1248.8973
1204.0,1384.6603
830.1,1110.3947
937.4,1877.8491
1204.0,1092.8611
1774.05,2410.2163
991.68,1095.9635
2806.79,1947.1183
606.36,2040.9701
1172.0,1651.8573
1128.12,1262.7992
1431.86,1939.8647
1440.73,1342.9844
606.4,2867.179
9500.0,1367.8375
602.0,1381.8274
1128.12,1370.0916
1172.0,1118.2079
2343.92,1851.5624
1128.12,1269.9978
77.5,1162.4695
1710.42,1711.2775
1204.0,1581.3483
77.76,1713.7975
1128.12,2058.8823
1128.12,1364.922
308.05,1659.9712
3399.55,1192.6185
3172.41,1699.1232
1098.73,2240.959
10495.12,1804.6333
2574.48,1856.8027
1128.12,1694.4047
1128.12,1406.7405
1128.63,1751.6997
602.0,2428.1865
1128.12,879.8675
1576.995,2730.2878
1380.65,1305.7861
3000.0,2135.1714
1320.0,1757.0762
1172.0,1173.3435
1128.12,1794.0217
1172.0,1399.1456
3156.19,1400.8813
1204.0,1517.7338
1172.0,1813.8202
1204.0,1241.5945
1128.0,1306.0483
63.27,1462.1998
602.0,1282.9851
70208.0,2416.0317
446.77,1863.8496
1721.01,1048.4989
1204.0,1591.9713
1202.51,1654.7001
551.41,2019.4163
5601.67,1447.5441
1128.12,1098.6063
261.55,1077.5166
544.75,916.0162
3466.3,2058.9668
543.97,2032.5906
3220.88,1447.9686
1204.0,1000.3077
43742.04,1194.2399
556.14,1147.87
5345.05,9397.528
1204.0,1819.62
2335.04,1026.1375
876.38,1894.8257
1896.47,1209.2112
69.35,1113.2686
1128.12,1448.2358
328.1,1081.9769
586.0,1579.8424
1204.0,922.9308
1172.0,1409.8718
1128.12,1848.0757
1128.12,1793.1135
351.32,1690.8364
862.65,1509.9292
633.97,1492.669
499.2,1616.9648
342.11,1701.1588
787.43,1520.973
74.3,1856.6381
1128.12,1408.3634
1204.0,1126.8019
850.2366666666667,2508.329
3867.57,1410.0265
2397.06,1723.7643
1128.0,1900.0688
1204.0,1461.3411
880.0699999999999,2595.842
1204.0,1020.53955
1128.12,1444.5502
2918.12,1192.5873
2592.51,1631.976
1128.12,1047.6344
1411.53,1306.956
831.075,1433.8472
1172.0,1647.2181
1128.12,928.80206
1128.12,1890.4424
1220.45,1868.6266
1204.0,1160.4066
1036.0,1006.73224
1128.12,1650.5156
2600.0,1469.139
6413.3,1749.0305
1172.0,1729.629
679.65,1466.5878
75.32,1658.3881
1324.4,1431.9738
820.24,1859.6621
1172.0,1479.3116
1204.0,1618.9523
1172.0,1627.7294
2348.07,1846.4866
1495.88,1257.6427
11457.35,2475.0168
1128.12,907.7525
1204.0,1276.4838
1204.0,1744.7181
555.8,1416.3391
1159.74,2623.8672
68.03,863.03613
713.9,1998.0852
281.27,1582.7869
1204.0,2476.913
10000.0,2248.3154
1057.57,1910.085
46.06,1024.4235
1172.0,1282.5465
1551.38,2322.836
1204.0,1188.9171
1679.1,1657.004
1670.54,2107.3857
1204.0,1774.7482
1128.12,1785.0244
1172.0,1455.4703
1204.0,1132.9833
1172.0,1696.1079
1128.12,1444.1569
1172.0,998.5516
1204.0,1441.1273
272.83,1360.77
1466.13,1286.1279
1172.0,1068.019
1128.12,1871.3497
564.0,1006.1942
1204.0,1385.6266
1204.0,2419.0325
4222.74,1219.099
1128.12,1184.8326
1103.66,1281.8153
1204.0,1077.825
570.69,1115.7695
638.41,1657.2964
1128.12,1415.8192
1052.45,1113.1523
2213.24,1466.1445
1128.12,1385.384
1204.0,1033.6566
563.6,1136.4786
1549.75,1324.766
75.0,1309.6754
1204.0,1926.4857
1789.0,1334.5089
126.84,1546.8333
59.99,1431.2549
1204.0,1307.2439
278.15,2212.2883
1172.0,1458.5161
2237.33,1373.0851
1204.0,1163.2991
198.06,1307.4316
942.01,1783.345
1557.39,1522.9905
654.28,2768.3132
600.465,3031.247
1128.12,2420.29
1128.12,1360.7344
3905.5,1459.5444
1172.0,1028.5237
880.0699999999999,2085.0698
1335.705,3211.6777
1128.12,3185.6997
2700.68,1487.4565
538.41,1897.789
1500.0,1131.8735
1204.0,1909.7417
1128.0,1330.9939
426.55,1180.0007
1128.12,1472.1061
602.0,1130.8955
1204.0,1663.2094
1204.0,1622.3811
402.06,1271.9547
938.97,1534.6143
602.0,1907.1954
297.14,1099.8187
817.9066666666666,2515.5625
1204.0,1125.6902
3398.41,2506.556
1128.12,1864.0425
1128.12,1484.717
1128.12,1227.7482
1128.12,2156.8684
1128.12,1493.838
1128.12,1145.6505
5096.71,1320.3734
602.0,2014.8561
114759.95,1160.5106
1172.0,1394.2885
893.56,1203.7832
1204.0,2042.226
76.5,1308.3502
1792.58,1463.4701
1128.12,2067.6968
402.45,1733.2089
1204.0,927.0123
145.16,1073.2334
12974.9,1379.5619
2254.45,1472.6656
412.83,1204.8772
1388.24,1088.3098
2994.94,1068.5946
1204.0,1472.1993
750.64,2514.7205
1172.0,1754.1964
2754.34,1288.8163
1128.12,1339.2089
1362.895,1909.5723
1291.01,1885.1583
1187.79,1897.3274
642.29,1206.8782
696.7,944.1725
1331.8,1598.4346
1510.8,1426.5536
1128.0,1060.2666
731.15,1257.9653
1128.0,1252.0529
1172.0,2667.9692
1172.0,1305.3684
23.63,883.23285
1454.06,1785.8145
2160.55,1739.0718
1905.57,1218.3849
1128.0,1631.3939
3204.0,1967.5872
54.83,2130.2188
1128.12,1180.7521
186.27,1701.8866
144.38,1234.0177
3391.37,2462.2297
1204.0,1257.7662
1172.0,2492.02
1172.0,1382.9434
77.0,1275.292
6.25,1606.2141
82.41,1882.7832
837.31,2366.1165
1204.0,1842.3204
3330.28,1188.4467
1128.0,1875.256
3275.53,1202.302
1128.12,1714.0181
661.2,1227.3126
1204.0,1676.7858
76.22,1982.4414
1172.0,1891.5135
82.4,1068.7949
1204.0,1368.8013
169.84,1132.7802
1128.12,1461.1781
2302.4,2951.9858
106.48,2490.9033
1128.12,1593.779
137.07,1489.4602
879.0,2411.3682
1128.12,1685.5372
114.33,1891.1438
1204.0,968.2951
586.0,1211.856
1827.07,1481.7041
602.0,1250.2542
97.0,1186.8717
1172.0,1763.9146
2335.38,1914.8353
1204.0,1213.493
189.69,1724.9459
437.21,1552.2877
5000.0,2167.8762
521.81,1644.0981
1128.0,1332.2188
3600.34,1990.1066
1172.0,1584.2782
1172.0,1403.5632
1172.0,1360.4457
1172.0,1204.6002
1172.0,1162.5189
4589.6,1287.7953
79.16,1275.0244
1172.0,1394.7074
80.92,1313.3695
1128.0,1033.9469
9202.1,2054.236
1172.0,1421.5463
1405.75,1147.7567
1247.15,1132.5732
344.78,1266.4939
1204.0,1553.351
564.06,1654.2804
226.7,1419.1156
1172.0,1181.054
1128.12,1957.8762
2172.0,1892.1271
857.16,1560.4355
529.0,1562.7372
865.65,1545.4781
1204.0,1320.665
1172.0,1044.8765
2944.78,1189.4421
1128.12,1636.0143
5750.13,2588.168
1204.0,2105.6902
1924.85,1219.9656
602.0,2509.809
1204.0,1674.7322
1204.0,1596.55
1204.0,2998.7417
1204.0,1366.9143
1204.0,1169.6661
859.765,2623.4294
12308.76,2020.2494
469.77,1395.7067
82.46,1616.4507
1204.0,1161.5902
1172.0,1409.8322
1204.0,1289.2871
1489.53,2849.8901
442.83,1530.3912
682.31,1620.7357
732.27,1697.468
263.98,4277.443
731.16,2063.1653
25.77,1763.2544
1204.0,2066.847
164.79,1217.5195
1204.0,1878.1151
2030.37,2026.3816
76.0,2592.135
97.01,2490.528
1589.31,1983.7804
556.14,1230.6483
1204.0,1199.1233
1128.12,1074.0182
116.59,1745.7942
1128.12,1097.2933
752.52,1812.5458
89.7,1304.0072
585.64,2349.3853
1128.0,1867.4321
1172.0,1976.3527
1013.66,1546.8767
698.05,1545.4951
2481.43,1161.7242
1763.33,922.5238
75.47,1436.0963
855.85,2103.4263
8076.01,2063.0562
926.55,1822.1145
805.47,2220.5054
62.73,1295.2229
13236.68,2907.2466
1204.0,1258.1705
1204.0,1207.7498
1172.0,952.90045
1204.0,1428.9513
1128.13,1134.7853
769.11,1039.836
1220.28,1586.2852
1172.0,960.05725
288.25,1244.5131
1742.6749999999997,1293.1945
213.47,1553.2703
1204.0,1901.6288
86.83,984.4778
1128.12,1488.2448
1502.3649999999998,1699.3428
169.29,1453.6926
103.68,1792.7903
1797.36,1719.9637
1128.0,1792.7612
1128.0,1346.5542
1128.0,1575.0411
2814.71,1253.6282
217.3,1222.2124
81.27,1387.9548
2672.0,1170.752
5172.0,1914.5586
1496.45,2738.202
828.0,1827.7794
1404.0,1969.1733
1204.0,1005.65656
744.84,1121.261
261.53,1574.1357
1128.12,757.3454
1204.0,2953.0405
3204.0,1364.3376
1252.25,1230.677
872.89,1660.1636
750.0,942.155
1204.0,1299.7319
1128.12,1662.289
1128.12,1183.7303
481.31,1478.5127
1204.0,1432.6492
1204.0,1477.5337
1442.06,1707.6224
1524.49,1225.3618
1264.42,865.39166
1204.0,1966.3754
324.21,1276.2897
72.75,921.7824
5340.29,1126.9911
2638.835,1362.5809
1204.0,1759.5831
289.01,1233.0308
1172.0,1192.8569
419.5,3001.371
1111.65,1831.8638
65.76,1342.1458
1204.0,1684.3127
602.0,1349.3058
515.2,1438.906
1204.0,1173.8718
2088.55,1319.4552
1128.12,1912.139
1204.0,1179.3926
1204.0,1341.0537
111.89,1608.5641
8843.25,2618.6902
1172.0,1117.4026
1771.68,1068.0948
1172.0,1214.765
76.63,1326.0552
56.7,1148.5791
78.16,2073.7861
1128.12,1296.1335
3176.08,1403.847
1294.52,789.0975
167.17,1338.8035
1172.0,2023.6769
1128.0,1899.836
1204.0,1876.2775
1128.12,1143.5182
1172.0,1180.7667
8264.5,2204.439
78.4,1089.5471
1128.12,2722.189
939.36,1448.3512
4830.9,2164.0364
1204.0,1724.5034
395.24,1096.3263
692.75,1451.7164
1128.12,1792.9938
1098.02,1233.3071
261.96,1190.8813
258.48,954.8381
27.09,2275.625
628.32,1657.4087
74.7,1194.5463
148.25,2163.7524
1408.42,1493.0077
11265.8,1335.8955
1412.4,1569.4835
453.81,2488.205
3704.0,1144.9154
1990.16,1322.8387
1128.0,1246.9855
1128.12,1597.5339
605.08,1976.168
1204.0,1747.3374
1204.0,1000.34875
1128.0,1490.3176
660.0,3004.4238
819.9,2049.5525
13500.0,2320.1692
1204.0,1670.846
703.86,1515.4609
1172.0,1571.3505
1172.0,1125.4557
1320.0,2107.203
7006.47,1863.5457
1214.19,2867.5837
187.37,1371.8102
1204.0,1140.4279
1172.0,1579.0968
682.98,1238.893
651.13,1277.1913
546.4,1311.7892
1204.0,1862.8171
1204.0,1471.6
1489.6599999999999,2189.445
2638.42,1832.2246
610.0,903.0906
345.29,1045.9224
2037.72,1710.062
1172.0,2156.4014
84.6,1440.0778
1128.12,3347.2593
1204.0,2652.3115
1128.0,2398.0417
1104.82,1694.4127
3050.81,1389.2314
1357.1,1152.0698
2947.39,1357.5593
1128.12,1441.2916
800.57,1378.1772
1128.12,1728.4459
2250.0,1930.2925
1128.12,1042.7045
769.47,1360.3756
1094.49,1807.4373
2282.0,1377.6759
27.5,2556.4978
456.04,2172.6067
364.18,1979.6227
180.0,2038.8282
659.0,1397.632
54.01,1029.0853
58.59,2849.1033
602.0,1383.9513
66.55,2191.4558
1558.94,1399.7849
1537.07,2065.5178
205.18,1661.1194
5204.0,1294.874
335.95,1478.7284
1128.12,1894.4824
4849.58,2023.757
1204.0,1817.388
382.76,2450.4502
1204.0,905.61755
1128.0,1085.2864
2381.05,1521.787
1128.12,1768.308
1204.0,1466.1151
1204.0,1475.5454
4300.86,1770.2543
1172.0,924.8101
1128.0,1727.7307
69.65,1433.0059
63.82,1476.1886
338.64,1306.0221
1204.0,965.65356
439.6,1187.4446
68.28,1573.6449
1172.0,1254.92
1128.12,1713.5956
1135.74,1570.6995
1204.0,1261.6881
3642.35,1615.5684
1204.0,1734.2018
935.79,2125.7673
1204.0,1041.3375
1128.12,1217.0668
1197.42,1819.2451
1931.83,2109.1572
351.27,1309.7697
76.02,1322.4799
602.17,1634.7588
1128.12,1796.6525
1204.0,1556.9044
63.86,1750.0941
1172.0,1479.7378
1204.0,1278.4324
1172.0,1202.5067
1533.33,2451.9277
21000.0,1673.7805
1172.0,1616.8439
1172.0,1628.373
3050.25,2008.1564
1204.0,1736.0336
5000.0,1458.3575
1204.0,815.21014
1204.0,2545.8413
1128.12,1674.5428
156.66,2355.7583
1204.0,1667.9635
101.44,1212.9718
75.31,1228.9384
26498.79,1691.584
2755.12,1846.8916
1204.0,1299.8496
1204.0,1941.0658
1128.12,1516.5286
1128.12,1559.6953
1204.0,1288.2148
1320.0,4647.3203
1172.0,1023.4743
1128.0,1602.8491
8098.07,1366.3585
319.24,1333.5979
1172.0,973.41895
1172.0,1808.1735
556.14,1441.2545
76.62,1232.0233
584.55,1763.2401
1320.0,1290.636
804.08,1864.9226
9056.8,1382.7548
1172.0,1390.5404
5187.98,1527.6971
1172.0,2105.4824
1128.12,2214.7666
15756.39,2087.762
1128.12,1242.8176
1205.62,1581.668
628.08,1207.7406
590.08,1112.2281
766.05,1697.2057
2669.42,2307.4546
1172.0,1776.555
72.57,877.0932
1204.0,1832.2997
965.42,1179.2706
1204.0,1738.5941
1128.12,1051.6615
734.07,1375.3884
1396.82,2863.9392
1303.49,1391.6641
1133.1,1884.3513
1204.0,1753.2539
1128.12,1709.0161
47.59,2297.6763
347.11,2074.2507
1204.0,2258.7483
3114.55,1336.7144
556.88,1443.4237
1588.1,1495.0594
902.78,1186.3143
155.1,1539.006
472.59,1442.5023
92.99,1069.0808
1128.0,1417.3762
1204.0,1370.9131
823.14,1962.3513
1186.2,1863.8896
1064.4,1299.4133
1219.63,1287.5387
1128.12,1188.7924
2525.32,1429.0399
1813.74,1472.8278
1128.12,1498.539
1172.0,1353.0239
798.76,809.8209
1165.8,1295.365
1204.0,1622.4059
678.81,1611.2555
1824.39,1711.8071
1204.0,2435.24
1204.0,1387.063
1128.0,1084.1155
583.54,1329.8229
1204.0,1032.4344
1889.18,1746.1222
2905.1,1605.241
1412.4,1489.218
1204.0,1327.106
1128.0,1402.2521
564.06,2519.1216
1128.12,1215.0024
4945.1,1640.9066
334.24,1654.562
990.69,1015.07477
1204.0,1607.8041
1128.12,1174.7924
586.0,1436.6306
1204.0,2203.0225
2041.89,1364.0364
2107.12,1128.3407
1204.0,1847.6289
394.37,1274.5831
8702.83,1685.0831
1247.16,1783.3442
1204.0,1295.9846
1128.12,2039.8357
1204.0,1243.7585
483.61,1715.818
1204.0,1465.5636
2204.0,1863.7821
1172.0,1175.0938
948.88,3465.9846
76.64,1396.1678
1204.0,1815.8357
1657.2,1118.9327
1128.12,1301.0024
2204.0,1599.9093
763.41,1206.9294
1172.0,2233.0698
1172.0,1345.4438
1351.62,1393.2018
1128.12,1391.5978
602.0,1495.3632
1128.12,1696.9347
191.71,1908.8832
2263.99,1357.2694
36.75,1551.2236
1204.0,1661.8007
485.4,1497.7224
3212.8,1365.5059
1201.42,1017.60455
1204.0,1970.852
504.94,1332.6273
1128.12,2431.157
107.92,1321.1116
1128.0,1706.477
1204.0,1460.0658
564.06,1800.9188
1295.01,2020.6202
1172.0,1176.3765
354.2,1647.53
10000.0,1609.5599
61.99,1395.8044
1128.0,1557.9946
964.04,1009.0025
782.13,1114.8718
487.07,893.4464
1204.0,1493.4663
1096.97,1113.5404
82.23,1257.1055
598.63,954.67505
602.0,1459.1136
1204.0,1935.9421
1204.0,1505.4388
1172.0,1085.3418
1204.0,1086.7628
1172.0,1427.319
1128.12,1783.067
1228.08,1374.8606
1204.0,1535.3718
1204.0,2164.7227
1128.12,1537.481
587.05,1113.5059
1287.5,1417.0045
1172.0,1453.0273
789.2366666666667,1487.5502
1172.0,1576.4132
867.7,1855.1858
292.22,1774.8861
1118.29,1754.4047
2111.97,1555.5583
1011.79,1330.0809
85.89,1523.1111
1566.54,1373.0444
561.0,1716.0905
1172.0,1547.9534
5172.0,1555.594
722.97,1748.832
752.11,2224.7236
1128.12,1570.9128
1204.0,1473.7355
1204.0,1529.34
2324.61,876.0181
1172.0,1284.1523
405.76,1322.8931
1172.0,1695.4982
1128.12,1165.4216
1128.12,2361.6855
42.71,1188.3735
1302.58,1334.9875
638.73,1346.2903
481.86,1367.299
12.47,2311.4233
2943.53,3694.31
6709.75,1219.0409
621.51,1285.876
602.0,2658.853
1128.12,1435.229
1128.12,1160.3911
1128.0,1420.8544
317.51,1716.8434
1275.51,1694.6018
1204.0,1559.2811
1172.0,1349.482
1128.12,1744.942
1204.0,2029.6046
1128.12,2129.3354
3872.0,2420.6443
1128.12,1229.379
1949.0,1716.5405
2652.61,1171.4226
623.39,1669.8901
4204.0,1130.7811
1092.98,1821.1608
405.29,1311.6034
1172.0,1216.0719
1204.0,991.2642
941.53,1847.7954
4130.9,1560.1469
564.06,1220.637
1128.12,1195.6752
1128.12,1549.9808
5659.32,1400.5133
1204.0,843.0158
1204.0,1903.4504
6860.21,2315.261
1204.0,1561.1969
1128.12,1257.8868
1172.0,922.1091
1383.175,1486.629
1128.12,1695.8402
3406.45,1279.5747
1204.0,1416.5337
1035.04,1568.0369
1204.0,1070.0406
1172.0,1378.8595
1204.0,1354.054
1128.12,3669.3484
834.78,2698.452
70.74,2210.1226
9964.39,1886.6305
1006.0,1961.0016
6834.99,1282.1088
4389.14,4057.0266
90.99,1082.5983
1524.49,1657.3107
1069.15,1126.5134
1204.0,1694.071
1128.12,2292.5918
127.0,1316.3193
1172.0,2099.334
1204.0,1167.9412
1204.0,1089.0858
123.99,2347.907
166.73,1354.1483
1172.0,1910.669
1128.0,1071.2899
1254.29,1728.4072
1940.4,1416.8992
922.0,1932.1785
866.28,1499.993
1421.89,2157.2222
1204.0,1321.5267
7662.03,1014.3824
1128.06,1484.7454
1128.0,1220.6667
437.0,3869.057
1204.0,1269.7284
804.31,1231.4331
37.12,1188.9568
1128.12,1900.1848
2256.25,1600.6266
2419.13,1555.9619
92.77,1015.8248
866.34,1091.8933
879.16,1713.1544
1128.12,1350.181
3656.58,1629.0037
1128.0,1521.456
80.5,1560.5471
1405.28,2003.5615
1128.12,1438.5562
777.345,2195.9358
2532.39,2146.9038
788.05,1459.3538
74.7,1463.7786
1740.0,1014.2286
1204.0,1698.7473
1132.34,1055.538
1204.0,1194.2439
602.0,1850.4424
61.98,1427.1434
860.06,2538.1748
1860.16,2055.161
1204.0,1506.0117
258.9,1930.913
1204.0,1286.2555
556.14,2037.8612
1204.0,1823.1365
648.59,1581.9727
801.99,2297.1965
66.52,1217.1056
1128.12,1966.2778
467.93,1624.5719
48.53,1408.6515
1172.0,1259.2695
1204.0,972.11646
1128.12,1408.6925
2574.95,2543.2473
838.45,1271.5103
26653.54,1824.7107
1128.12,3165.7502
1128.12,2296.0916
564.06,1534.7599
1128.12,1176.5712
1204.0,1756.0862
292.79,1215.735
65.27,1708.88
74.0,1608.1737
1204.0,1180.7448
1940.98,1464.3538
5947.35,2044.0682
2986.93,1287.1715
1511.96,1348.2433
1386.0,2010.6888
3826.38,1922.6781
321.53,2134.4802
1172.0,1272.0901
1204.0,1353.0465
1172.0,1358.4691
3000.0,1388.6328
749.66,1469.5167
879.77,1767.2678
1128.12,1286.8021
1128.12,1590.3833
500.0,1245.0568
1128.12,1607.3695
861.29,1669.731
13612.325,1976.8342
591.5,1282.4181
1172.0,1046.9851
1204.0,1360.201
1172.0,1300.5248
1492.93,2173.6335
12905.0,1628.39
7902.51,1748.0858
2122.31,1674.0966
992.96,1840.0142
1228.08,1328.6173
2531.97,2387.5142
1128.12,1554.389
1539.5,1221.6205
938.0699999999999,2523.8828
6229.0,1504.1063
271.58,1517.5703
1128.0,2163.7917
74.76,1445.8119
763.37,1596.2904
500.0,2627.4543
4925.76,1455.6168
392.77,2004.8202
1204.0,2099.0908
205432.05,1341.1996
1128.12,1701.2651
1204.0,1488.7103
95.36,1921.2228
1554.66,1630.6107
838.77,701.4407
1128.12,1328.7021
1128.12,1171.0864
1653.43,1578.7482
1204.0,1313.1216
33059.73,1285.8115
423.57,1101.9231
639.07,1203.8223
1128.12,1255.8491
67.47,2122.943
789.87,1817.856
1128.12,1363.4492
1172.0,1608.4705
94.58,1124.5544
1128.12,2663.8176
664.56,1906.5444
287.48,1727.44
2400.65,1262.32
1172.0,935.5317
124.66,1383.7137
1282.87,1554.5743
562.62,1085.5442
450.0,1927.5065
3187.92,1737.477
906.46,1742.0222
1204.0,1721.8403
2530.05,1149.676
2317.28,1060.4174
1204.0,1543.0143
4000.0,969.1155
1128.0,1532.346
1628.12,1583.2065
1172.0,1546.4918
1128.12,1132.1742
74.0,1374.8744
2670.6,1535.8119
1132.05,2085.8076
21881.0,1856.6558
1500.0,1939.5234
890.29,1082.4398
787.59,1470.9286
1204.0,1904.7134
564.0,1311.8505
1128.12,1425.9551
82.52,1507.0958
1204.0,1409.7104
1128.12,1177.9543
71.63,1706.3583
366.45,1610.7185
564.06,1639.8765
2148.73,1527.719
799.635,1647.5568
65100.0,1351.8541
991.92,1485.3387
1128.12,1334.9149
784.85,3452.5215
443.71,1562.2573
283.22,914.3679
2204.0,1699.6783
1128.0,1207.8396
1172.0,1425.2617
1204.0,1508.6748
125.89,2119.8599
1128.12,2119.4414
572.56,1252.8633
201.35,1611.2755
2466.67,1962.4225
2027.03,2651.9917
183.35,1129.3004
2204.0,3343.5137
1128.12,989.14465
792.82,2094.111
75.95,1711.7695
3204.0,1762.4104
1128.0,979.4979
911.0,1394.1436
1634.37,1239.5164
1128.12,1989.7963
1346.4,1483.3053
1204.0,1863.839
958.83,1297.001
1204.0,826.087
1204.0,2086.7815
171.03,1154.6525
994.46,1107.2661
1128.12,1073.1234
4.52,1187.0233
1172.0,1142.8209
4561.01,2029.9956
1172.0,1445.0145
1977.05,1753.4396
1128.12,1419.7897
3704.0,1332.9603
1128.0,2181.9597
1204.0,1475.3027
1128.12,1282.8555
9548.36,1270.3436
519.78,3171.5312
602.0,2252.8936
1204.0,1216.018
986.75,1407.4336
1128.12,1955.3086
63.43,1252.5234
1204.0,1099.546
1204.0,1217.3691
1128.12,1025.1129
766.85,1540.8696
631.84,2216.7349
518.03,1534.7562
1204.0,1298.1246
1013.265,1698.4841
1204.0,1701.1143
360.5,1609.9122
1204.0,1551.7986
1128.12,1064.117
728.83,2301.4197
453.17,1134.5613
1204.0,1503.7614
343.37,1713.661
1204.0,1217.6693
1375.88,990.9702
1204.0,3820.2883
1204.0,1491.7552
1204.0,1258.1831
2789.65,2892.0872
198.18,1528.874
1172.0,1044.5044
1172.0,1526.7162
1128.12,1395.3606
1204.0,2437.8157
2788.38,2196.4604
350.07,1448.1061
1204.0,1261.4264
603.86,1655.5051
1204.0,1015.1755
788.31,2096.289
312.23,1415.0789
1128.12,1272.9037
1172.0,1663.5608
76.0,1158.0872
1204.0,1305.3242
1204.0,1469.3884
23468.3,2500.5654
1204.0,1385.647
2664.84,1255.3091
359.63,1764.4369
1172.0,1517.9235
1204.0,1020.8769
648.645,1115.4259
388.89,1056.2368
5137.34,1284.7825
1526.18,1179.8196
518.48,906.39954
288.7,1480.6857
2810.0,1118.8416
1128.12,1298.3933
660.92,2147.1814
6337.65,1677.3215
902.0,1393.9495
1172.0,1430.1989
3192.28,1540.9254
1204.0,1453.712
1204.0,1163.3046
131.75,2119.4011
91.25,1226.1305
1204.0,1428.8259
602.0,1669.2151
1172.0,1765.8872
4828.73,1138.0231
1204.0,1633.3064
1412.4,2099.8525
762.69,1240.1129
2616.9,1661.2175
1128.12,1505.3965
1172.0,1366.6406
1172.0,6391.4736
423.02,1324.965
82.53,1622.0145
1169.16,2389.783
1204.0,1600.3381
1128.0,1372.172
1519.8700000000001,1654.1699
68.3,1005.71265
1128.12,1509.4418
1128.12,1145.6915
156.68,887.0111
982.26,1762.6079
112.15,1933.041
1172.0,1206.1637
71.76,2115.7417
27.74,2192.9316
1204.0,1538.8438
660.0,1420.6857
1128.12,2724.785
1172.0,1983.1288
728.26,927.30194
76.01,1037.349
25.25,1310.9087
8421.93,1438.7023
75.46,1544.9314
1204.0,1523.727
1204.0,1851.5995
1204.0,1400.528
1204.0,1697.6809
811.9,1380.4812
1172.0,1216.1252
784.67,2109.0615
1204.0,1637.0045
1204.0,2063.0984
1204.0,1538.1725
1128.12,1284.0334
1500.0,1602.2776
1231.99,1160.5864
1172.0,1068.4235
1204.0,859.12683
1128.12,1518.5127
1188.86,1601.8994
154.39,958.1324
1204.0,1332.0726
1204.0,1150.13
1172.0,844.2947
1795.17,2127.469
1128.12,1901.744
8416.71,2033.9779
404.77,1032.3773
5026.38,2702.6692
4849.93,1171.8881
660.0,1808.9177
326.57,1155.941
1128.12,1322.7366
1537.04,1089.1809
3182.14,2706.8313
3204.0,1101.5864
1128.12,1322.3846
1204.0,1065.3451
486.73,1710.327
824.7,2103.8826
1204.0,1299.7034
5000.0,1999.1611
210.62,2025.5662
1204.0,1860.33
1128.12,1869.1122
136.34,1510.3843
3054.0,2156.5032
1128.0,1593.2965
1000.0,1935.4557
1128.12,1170.6979
3625.57,1901.0367
1128.12,2158.814
595.055,1143.6615
2499.01,1827.3926
89.69,1607.7926
10.99,2307.8684
1128.12,3525.905
375.74,1217.3993
1128.0,1137.7789
321.99,1189.1671
1128.12,1253.7412
2408.0,1401.1553
1172.0,1542.8568
5607.36,2346.6099
692.91,1926.086
58.69,1269.0565
1124.67,1137.7941
994.52,1483.8663
1646.98,1483.8075
1204.0,1193.0304
26099.27,1520.5582
373.185,1238.5958
1172.0,2792.2786
553.8,1799.3206
1204.0,2051.2156
487.84,2166.9338
1704.0,1274.1887
552.81,1081.4807
735.54,1019.8658
1172.0,1242.6914
723.19,2650.8665
7000.0,1419.2733
1204.0,1933.9363
555.12,2397.916
1204.0,1557.852
275.85,1460.4808
1204.0,1481.7104
80.0,851.09955
1128.0,1369.8748
11834.04,2245.339
75.99,1196.9445
3059.8,891.0413
1128.12,1634.4282
1131.39,1054.6249
580.0,1850.8201
1746.66,1348.5314
1204.0,1388.4395
71.52,1749.4425
1128.12,2704.6199
1346.98,1207.3519
1204.0,1500.1589
1103.67,1793.5709
1320.0,1544.9153
4211.63,1002.00867
70.0,1543.6361
1128.12,1783.9055
992.1,2928.6504
1204.0,1217.6641
1528.12,1871.6077
1009.33,2193.1514
2257.62,1715.5562
1940.4,1642.9171
1204.0,1766.4994
1204.0,1588.2007
1204.0,1423.7313
1128.12,1085.0009
304.45,1386.3945
1204.0,2048.084
1128.0,1094.5148
1456.26,1525.9316
1209.44,1963.7676
1128.12,1242.1345
834.94,1485.9961
524.0,1025.7422
1204.0,1441.2104
70.2,1218.8369
474.87,1418.4756
2000.0,2232.0884
564.0,1619.6711
4699.73,1467.6323
75.86,1121.8322
30.44,2294.268
884.94,1277.3849
75.68,1525.3046
1275.76,1274.3564
257.45,1591.865
1023.56,1876.962
1111.44,1541.7485
192.88,1287.2864
1578.33,1337.593
251.54,1565.6445
1128.12,1472.429
1204.0,1510.1531
3134.98,1162.8632
662.54,1544.0793
1128.12,1599.8917
1388.45,2018.362
71.97,2510.3835
3000.0,1703.6559
1204.0,1438.8251
1172.0,1359.7594
1204.0,1368.7262
3704.0,1923.7437
1204.0,1834.8545
1204.0,1672.3605
1204.0,1282.7404
510.67,1260.2402
1128.12,2058.0186
92.37,1535.2869
74.75,1612.4353
1128.12,1151.4822
774.8,1379.1876
1128.12,1555.2772
472.485,1979.4282
1204.0,1240.1165
1204.0,1804.727
1865.38,3030.426
1204.0,1649.1594
3204.0,1173.1141
1128.125,2153.8713
51.06,1215.4481
8710.455,2631.375
1172.0,1066.9923
1704.0,873.2501
1204.0,1559.8196
1128.12,1280.8774
679.93,1184.265
1128.12,1981.81
1647.65,1034.5935
1680.44,1228.4684
1484.9,1541.3531
1311.62,1720.7208
1172.0,1262.6312
626.46,1033.0604
72.57,1374.1757
705.53,1564.8318
1128.12,1404.289
1172.0,1495.5957
564.06,1207.5298
1204.0,1894.2557
563.02,1891.9547
1017.99,1390.8308
542.72,1960.7089
1730.34,1197.602
9345.67,1368.8333
1204.0,1592.051
875.825,2070.015
1204.0,1665.2378
1204.0,1879.0771
9189.47,1188.2393
1204.0,994.73254
1028.04,1194.5251
632.57,1159.8694
1172.0,2639.8254
441.66,1105.6411
1128.0,1952.4912
1931.21,1266.8503
602.0,1569.1954
1172.0,1532.061
72.0,1426.3121
1204.0,1335.1696
1128.12,1594.5962
1204.0,1164.3862
1172.0,1908.681
650.9,1508.6129
601.56,1527.29
1421.44,2511.3042
707.65,1103.1897
1769.88,1798.2955
1204.0,2013.4366
1656.245,1598.3735
22343.05,2052.4395
862.65,1273.8151
2544.98,2862.1003
3146.5,1057.6686
1402.87,1749.2832
288.3,1724.811
405.67,1097.1661
1204.0,1024.3341
1128.12,902.87787
2559.56,1477.6196
1204.0,1676.5482
602.0,1690.0192
373.5,1155.1906
30167.28,1687.3087
1204.0,1621.6147
602.0,1226.4872
1761.3,1725.6764
1047.58,977.2176
586.0,681.2661
89.7,1677.7407
5028.295,2351.1572
1204.0,2375.9868
1172.0,1251.6493
1108.6,1392.8485
1204.0,1409.89
1128.0,1168.5483
76.0,1429.8585
166.63,1229.7085
1128.0,1414.3462
1128.12,1819.7596
1204.0,1486.6744
1204.0,1131.1252
762.25,1868.2283
1172.0,1773.42
117.77,865.99884
556.14,1772.1403
100.17,1787.2456
345.75,1368.274
284.11,2058.3582
2564.57,1210.9404
1124.71,1230.6506
433.46,1282.7013
1128.0,1613.7444
165.82,2008.3757
1172.0,1486.3348
1128.0,816.4017
1204.0,1718.0964
1204.0,1199.7902
1204.0,1178.6982
4241.98,1133.5095
2233.42,1520.166
247.15,1664.3026
415.24,1112.4211
1204.0,1428.1619
1493.41,1389.3951
1204.0,1590.5084
1073.07,1760.1898
1483.61,1486.9154
4812.06,1161.9774
1128.12,1964.2695
6160.0,1972.6384
119.93,1428.6815
213.21,1554.7627
1128.12,1528.4425
1268.09,3086.2346
2652.61,1444.4131
25.59,2164.5854
740.65,1718.8643
1928.89,1466.3291
1128.0,1719.7086
2137.94,1307.59
74.39,1384.8881
1204.0,1590.532
1204.0,1159.4182
746.65,1144.5137
3778.38,1490.5287
8862.83,1142.3224
1770.2,1866.565
334.28,1125.1997
1574.0,1448.7145
815.14,1514.7933
1172.0,1679.2661
1204.0,1411.2063
527.49,1914.6307
592.52,1782.8698
1314.54,1796.6765
628.8,1726.5275
1369.76,2169.4585
1204.0,1753.7539
1191.63,1148.6327
1128.12,1554.1118
1873.08,2012.827
96.96,1452.4496
1887.605,1782.6274
386.74,1387.8815
1128.12,1064.5109
2524.0,1182.9235
80.73,1103.1228
2050.86,1587.3566
1204.0,1232.7562
1085.06,2266.3113
1050.385,1462.0325
5000.0,1992.7759
1128.12,1365.5658
330.0,1493.071
2672.0,1575.0713
5.4,1577.1681
1172.0,1452.2439
1204.0,1349.2067
1172.0,1174.5924
1128.12,1993.6598
1741.18,2011.7207
669.09,1094.711
1128.12,1159.5166
1172.0,1093.9247
9.75,1530.6729
997.14,1116.1107
1128.12,991.77625
1320.0,1223.6505
1128.12,2045.0782
1204.0,1763.3956
109.92,1791.7588
1067.15,1109.6456
549.94,861.006
1204.0,1834.2552
4728.12,4970.1426
234.55,1966.4185
903.0,1140.0592
224.33,2028.8848
1204.0,1030.0603
1128.12,2297.0815
10000.0,2312.8037
397.03,1096.6222
1538.625,1623.6573
330.47,1209.5577
1730.63,2387.9194
1204.0,1513.8004
1172.0,1402.1564
1204.0,1494.5719
1204.0,2075.531
2787.39,1938.5508
1617.41,1700.9188
3955.45,1225.0177
2259.69,1010.24554
1204.0,2399.348
2120.36,1735.4963
17319.76,2652.9072
1128.12,1274.3394
1128.0,1440.2852
1172.0,1592.01
2113.14,1799.3103
1679.1,1350.3658
1128.0,1501.1973
1128.0,1805.7867
1444.01,2923.3025
1128.12,1460.953
1848.94,2452.7463
1172.0,1424.8546
674.1,2225.3293
1613.32,1804.7305
1204.0,1174.6243
324.25,1440.5261
1204.0,1598.9789
3356.25,1439.0748
89.44,1836.2312
890.79,1411.1437
1320.0,1710.9012
254.66,1325.2885
6848.87,1651.4069
1204.0,1566.5571
1172.0,1143.3867
2871.68,2626.6938
1128.12,1498.2795
2524.0,2215.2578
1204.0,1361.2645
505.55,1295.2075
4814.05,1311.3245
4089.55,1995.1348
62.01,1057.6273
603.26,1541.478
429.0,1756.5216
880.0699999999999,2579.22
1128.12,1062.6799
1204.0,1985.2178
586.0,1402.4828
1192.34,1367.2004
1250.08,1221.1539
1128.12,1222.9586
1067.33,1498.2388
1550.0,1426.5984
1500.0,1651.4329
1677.4,1699.1613
354.31,2014.6688
1172.0,1339.5359
1573.56,2549.875
1072.56,2248.3325
1128.12,1490.3511
1172.0,1205.2466
1204.0,721.43384
2812.8,1498.8462
1204.0,2964.2292
1128.12,852.23505
77.49,1660.2365
906.48,2775.469
347.78,901.08307
1128.0,1665.5491
1172.0,1349.2311
1128.12,1280.1271
730.54,1186.3438
1543.66,1579.6127
1346.4,1408.5648
26.63,1743.6278
1400.0,1355.6788
806.09,1505.8323
1909.17,1043.6023
1204.0,1947.4664
2631.82,1135.6996
1172.0,1019.3033
169.4,1010.3482
1128.12,2768.9324
5239.855,4497.461
1183.62,1660.767
1204.0,2217.6135
1172.0,1070.4163
150.0,926.179
88.23,1657.9327
3803.18,1617.5417
309.18,1343.3065
286.4,1888.1244
1342.71,1566.6744
1172.0,3967.417
11000.0,1582.9868
621.54,2055.3923
152.45,1578.9567
1204.0,1529.2882
3718.94,1552.4846
1235.0,2497.3909
5545.27,2556.1455
810.24,999.4867
1172.0,2067.5154
660.0,1234.1318
1204.0,1778.5986
1337.17,1584.6975
1128.12,1387.055
76.0,1534.5
1172.0,1571.2163
134.33,1096.6625
1559.1,1953.6721
1204.0,1442.3448
2918.55,1310.2957
1128.12,1188.5322
1128.12,1470.9728
1204.0,2051.6548
1204.0,987.5286
1128.0,1280.5911
70.25,1451.0977
501.09,1661.9996
1172.0,1163.6158
349.73,1145.1868
1204.0,3838.0325
390.98,1351.1954
1903.51,2257.1355
121.96,1706.7327
1128.0,1569.5592
4593.45,1563.5533
1172.0,1507.0232
1204.0,1572.6187
800.21,1674.5045
583.43,1154.6238
1128.12,1211.6625
1128.12,1079.7993
100572.5,2147.5715
6926.33,2192.6587
450.61,2398.458
1128.12,1635.7888
1172.0,1149.8564
2756.04,1506.2142
2028.2,1136.5258
657.64,2320.7412
638.95,2624.832
3204.0,3899.6921
448.61,1691.9213
997.995,1675.1531
80.9,1902.1566
2908.91,1794.4418
755.72,1403.5732
90.56,929.808
426.86,1348.0555
1128.12,1297.1074
1128.12,1196.816
1387.24,1277.968
1204.0,1808.0131
1128.12,1372.17
1204.0,1564.2192
1452.0,1562.0681
82.05,1302.3989
1051.83,2271.9907
156.83,2464.8271
1204.0,1800.9858
1204.0,1688.1006
1204.0,1765.7701
1204.0,1205.3983
1628.0,3567.2395
1128.12,1317.2826
1172.0,1334.5916
785.95,2133.004
292.38,1038.8542
1172.0,1553.2125
2223.12,1281.6063
1128.12,1334.0044
155.54,1253.4854
1447.1,2586.2483
193.05,973.5531
305.0,1264.3741
1128.12,1357.3684
1733.2,1261.092
1128.12,1102.6869
5907.42,958.8385
2150.64,1374.9347
1130.35,1963.9512
1087.72,1202.3124
1596.75,1364.2609
1204.0,1511.0225
1172.0,1245.3228
1228.08,1437.9993
1204.0,977.6254
76.63,2084.05
68.77,3273.667
708.07,1022.3875
1172.0,1541.8
342.5,987.94403
62.94,1211.7572
1128.06,1197.6506
1172.0,1200.952
1615.86,1318.9243
83.12,1711.0751
1128.12,2100.5176
1204.0,1078.7166
1172.0,1460.6946
1204.0,2123.896
2942.63,1449.1097
1204.0,1379.3856
1204.0,1703.1669
1204.0,1690.7397
10496.37,1877.6477
881.6,1028.1063
564.06,1741.4359
1273.44,2939.4636
1128.12,1007.7235
564.06,1058.8732
1204.0,1494.1251
1128.0,1744.3214
408.52,1376.9883
923.03,1365.6328
1204.0,974.0992
1204.0,1500.5596
1128.0,1326.5776
153.83,1963.5793
602.0,1421.4318
1204.0,2016.9006
76.0,1157.0577
564.06,1028.2604
459.89,1367.1372
1172.0,1997.144
1204.0,1643.3285
1843.94,1618.5447
685.55,1150.8334
5250.514999999999,1731.8582
135.7,1546.803
269.8,1930.4932
5269.29,1614.307
1204.0,1626.8417
678.335,1551.9421
1128.0,1398.7253
1204.0,1675.9752
28.26,1252.2947
1172.0,1338.6216
650.28,1451.6755
1204.0,1527.3745
1652.12,1002.71844
1204.0,1143.558
2560.97,1031.229
1128.0,1066.0626
1128.0,908.99
347.39,2502.685
1204.0,1454.067
1043.79,1243.8712
883.57,1915.8865
52.52,1631.1132
5612.745,1613.5128
76.63,1560.0643
1128.0,1890.6957
526.6949999999999,1713.8342
1204.0,1070.9814
466.66,2065.253
760.63,793.30975
1128.12,1198.0465
288.18,1202.6855
2672.0,2189.8918
21.27,1611.7434
1128.12,1318.0416
1204.0,1821.4795
700.0,2051.7976
1204.0,1453.2137
1204.0,1384.0352
1204.0,1261.6442
1675.19,1157.6079
1204.0,1118.0491
148.72,1567.2692
1128.0,1354.8813
1572.01,3757.7046
602.0,1471.6407
9.9,1253.8566
1128.0,1506.8076
4201.844999999999,2879.1943
1172.0,2847.2686
892.24,1698.1189
1839.09,1739.7635
5559.3,1655.4341
1204.0,1615.372
1128.12,1507.0642
8981.0,1787.9225
1204.0,1205.4628
216.79,2993.9211
1500.0,1524.6174
1204.0,1424.6448
1128.12,1436.2435
194.4,2091.311
78.65,1322.9138
1128.12,1197.8568
3704.0,2647.457
961.08,1804.9242
237.65,1964.5758
880.0699999999999,2961.5774
200.0,1049.4067
3095.0,1142.9529
222.06,1815.1595
1128.12,1284.0684
5487.0,907.74207
602.0,1516.8121
1700.0,2114.9006
1204.0,2115.902
1128.0,1619.1947
1204.0,1050.389
1204.0,1083.8069
953.16,2168.6848
1034.53,2383.6328
1204.0,1454.9797
1228.08,1265.0424
1204.0,2089.6274
1172.0,4011.8032
1204.0,1705.3953
975.19,1465.5636
15.67,1819.0604
3970.15,1065.5692
1278.25,1454.2639
507.24,1409.9142
1688.71,1572.6405
673.77,1366.3722
3164.83,2345.48
39850.0,1284.9823
2662.57,974.9305
501.94,1667.0173
9924.28,1727.0907
1204.0,924.7003
1204.0,1779.9672
1172.0,1461.2999
1781.87,1610.561
847.71,1170.4149
1204.0,1715.8768
4730.9,2048.3516
792.95,1722.7577
1204.0,1694.239
70.78,1379.6125
1128.12,1947.1359
1001.0,1212.4583
92.0,1765.9789
637.41,1320.5706
862.65,1611.6704
1204.0,2017.9011
1742.09,1469.3184
2151.125,1411.0266
1172.0,3252.8599
643.57,1716.326
4698.84,1645.4801
976.73,1399.0201
1128.12,1089.2318
4557.73,1386.7172
1128.12,1303.6193
1895.75,1071.4554
721.04,1845.8536
1017.71,1302.799
1204.0,937.9553
564.06,1896.5225
1172.0,1769.6425
1128.12,1080.7424
1469.51,1615.5044
697.62,1537.9019
1286.05,3241.6028
1128.0,1342.5017
1169.45,1352.9872
1286.0,1773.4792
104.48,803.3135
1204.0,1151.5558
1320.0,1404.3264
3204.0,1316.8838
800.0,1390.2865
1000.0,2244.576
35600.44,2076.219
4263.48,1621.0573
1204.0,1413.9268
1128.0,1428.2865
1120.47,1259.7439
1647.13,1771.5514
1204.0,1299.7474
75.46,1371.3479
541.5,1621.358
1204.0,1272.9329
1128.12,1398.7994
1128.12,1255.4491
1172.0,1228.9359
1172.0,3165.403
82.0,1353.9591
1172.0,1884.904
1128.0,2245.441
450.0,1590.3871
769.14,1560.9468
135.84,1740.2563
1128.12,1408.6891
841.99,1425.2957
651.91,2147.551
1128.12,1963.2535
1204.0,2146.522
220.07,1958.9342
1324.4,1856.0494
3267.75,1778.4205
1128.12,1152.2583
1204.0,2193.8228
1204.0,1104.4729
537.7,1251.9203
574.84,2452.7112
1071.76,1360.4371
367.49,1304.2441
1204.0,1615.9713
1827.99,1305.7307
1172.0,1845.645
3051.36,2068.8792
821.43,1324.1193
294.37,1229.8159
1128.12,1469.8594
6616.5,1899.0209
62.56,997.9213
1204.0,1302.3643
368.01,2126.4639
2882.65,2035.3605
1128.12,1318.7274
1172.0,1553.711
1346.4,1786.5657
1204.0,1962.5994
1522.21,1400.2089
1204.0,1558.3386
965.49,1946.4619
347.24,1042.5956
1204.0,1674.2332
627.47,1222.8677
331.44,1538.6456
773.45,1610.6302
3000.0,1481.5883
1267.0,1051.1862
1327.96,994.4637
1204.0,1011.13086
506.67,1432.4073
2368.0,1552.6912
1128.0,1258.9404
1320.0,1298.9537
1128.0,1748.0875
1172.0,1327.3015
1204.0,2366.1763
1158.42,1955.4839
1128.12,1980.922
1204.0,1529.3444
898.78,1798.461
6.91,2164.6843
1176.0,846.8154
9427.17,1812.8353
545.16,1280.121
1128.0,1413.3202
1217.3,2635.1758
1172.0,1363.104
1172.0,1229.973
743.56,2836.0774
1204.0,1545.5667
1128.0,1612.3538
881.03,1545.7921
1204.0,2128.643
556.14,1350.6653
1128.12,1462.2528
1051.15,1803.9639
1128.12,1110.4973
1204.0,1049.7761
81.71,1187.0851
2000.0,2214.2683
1128.12,1280.2943
717.05,1408.3721
1340.83,1504.5525
2000.0,1201.1967
420.52,1084.3766
506.91,580.7206
1364.97,1414.1783
1204.0,2188.3083
1008.18,1183.5142
366.53,1373.3693
2039.45,1360.4268
1204.0,957.01184
1128.12,1502.4125
1600.12,1231.698
7509.92,2444.3945
602.0,1626.8208
1172.0,1527.3365
1204.0,943.40656
1204.0,1381.1633
1870.29,1430.1
1483.1149999999998,1469.1993
245.0,2107.5115
1204.0,1016.5836
1204.0,2127.5237
1204.0,1211.4568
235.1,1216.6536
227.14,3308.4678
1204.0,1230.961
576.27,1383.6155
1172.0,1110.6545
2500.0,863.7101
1120.84,2196.2888
1628.12,1930.6367
4165.42,1970.681
1128.12,1691.8551
342.865,2616.6082
1577.8049999999998,1313.1008
1172.0,1614.8544
445.17,1533.041
556.14,1368.5546
1204.0,2048.4912
92149.0,2546.8323
1204.0,1515.9257
1320.0,1812.7429
1204.0,1444.2533
1128.12,1442.8539
243.08,1325.0977
1190.15,2503.8154
1412.4,1301.8315
1528.49,1851.128
3204.0,4198.0596
1128.12,1296.1991
1172.0,1410.0648
1128.12,1338.8635
393.01,1689.4841
1346.4,1150.2375
3492.34,1581.6333
1204.0,1581.9403
1172.0,1689.5591
514.96,1702.9281
1172.0,1779.9036
1172.0,2130.7349
884.56,2278.2666
3484.0,2263.73
1204.0,1295.7085
1204.0,1224.7538
1128.12,1328.1176
1128.0,2249.3105
1204.0,1568.9314
1204.0,1361.6274
675.89,1306.3136
214.0,1842.9944
1128.0,1409.1614
1454.0,859.1162
1204.0,1542.3207
1128.0,1754.336
350.27,1599.4166
1204.0,1308.789
1172.0,1811.0573
252.07,1255.1469
1128.12,1487.1501
868.8,2006.6823
1204.0,1909.3866
1204.0,1897.4957
1791.41,1753.4546
1128.12,1282.7214
2418.73,1687.9316
595.53,1609.7081
341.11,1484.3334
1128.12,920.25146
1507.09,1580.8619
1204.0,1821.0956
1759.61,2148.4973
1704.0,2089.6494
1085.45,1654.2133
416.46,1146.8813
1452.0,1674.115
910.49,1628.0741
1824.75,1224.0876
1204.0,1209.2855
1765.36,1305.5596
1204.0,2364.064
1204.0,1657.0286
1204.0,1650.9785
1204.0,925.54553
1204.0,1494.0582
2732.37,1434.0558
1128.12,2065.3604
2171.61,1376.6791
1172.0,1394.2339
750.82,2027.2146
1172.0,2134.471
1128.12,1863.3644
296.67,1202.5107
1172.0,1371.2825
426.36,1778.4918
2993.45,1907.5273
75.34,1500.1196
1204.0,2238.0278
7777.0,2106.9487
602.0,1200.1437
1002.87,2225.324
1128.12,1376.8563
1401.46,1939.8306
857.21,1214.0643
480.57,1596.8744
1204.0,2378.1028
6880.06,1653.245
1204.0,1648.2506
1204.0,2726.16
756.25,1356.7672
574.24,1555.378
1172.0,1248.7443
1050.16,1435.411
586.0,2062.339
1172.0,1606.5098
1268.09,1396.7059
1128.0,854.74524
1689.365,1532.9233
1128.12,2308.0708
5000.0,1871.0
693.92,1474.4144
83.72,1884.9255
2572.25,1742.2084
75.47,1356.9672
1543.67,1425.4384
1204.0,1764.797
1204.0,1408.1014
1204.0,1158.3727
5134.13,834.60474
65.78,1398.9548
2672.0,1143.9156
3368.44,1356.4548
585.3,1447.4219
4000.0,1484.4346
1688.17,1518.3433
746.36,1152.516
270.51,1305.0771
1172.0,1327.5571
11.28,1907.0162
1204.0,1812.7101
311.12,2072.0986
2903.3,1918.245
839.56,1465.6915
3900.0,1349.5348
586.0,1145.9745
1128.12,2026.0405
1172.0,1195.3212
111.77,1358.3914
1204.0,1558.5051
1800.0,1842.1387
1314.37,1384.0424
1128.12,1899.0409
2815.995,1430.72
19.58,1384.3969
1204.0,1561.5587
1204.0,1617.9652
1128.12,1303.0698
5978.64,1660.5681
600.0,1604.748
50000.0,2041.0801
1128.12,1667.5238
2214.19,2235.8325
1204.0,1154.0316
1204.0,2046.0283
78.07,1896.129
359.58,1237.0123
261.41,998.60254
901.635,1343.5667
1172.0,1119.5267
1172.0,1699.8607
1204.0,1585.7375
3052.42,2049.4106
1709.8,2161.558
2071.27,1212.4183
1386.94,1893.582
908.22,1687.7231
1204.0,2241.8408
6997.2,2542.532
701.27,1267.7139
1204.0,1600.7197
1669.63,1073.8348
36.03,1402.0361
1513.625,1886.3966
1204.0,2291.889
1989.22,1422.6014
1128.0,1950.8859
2753.15,1873.3068
1091.025,1294.5802
448.745,1310.1957
1204.0,1398.5973
1204.0,1990.9893
1128.12,1126.8213
738.07,1107.8798
602.0,2103.0994
1204.0,1539.6005
1320.0,1432.6718
503.5,1325.944
1172.0,1768.4362
1534.755,2781.1777
1128.12,1362.3054
317.76,1405.748
640.27,1031.5049
1172.0,2171.4197
453.64,1352.9459
1128.12,3308.7769
59.14,1018.4351
660.0,1544.6287
1172.0,1701.5596
91.16,1053.9839
1172.0,1193.8112
1204.0,1254.1609
67.47,1073.2288
11602.0,1542.1846
74.45,1246.7417
532.89,1581.4584
1692.19,1712.9453
1714.01,1196.6785
3424.74,1233.7976
1128.12,1110.9274
2102.0,2545.4553
3157.17,1633.8181
3623.2,1448.0079
1284.4850000000001,1792.7886
3089.88,1680.7891
1204.0,1760.5953
58.94,1188.9851
1172.0,1275.9531
1204.0,1475.9359
2891.555,1221.8098
3219.3333333333335,6369.6226
2740.39,1303.7137
1204.0,1970.8651
602.0,1057.6676
1406.92,1919.2523
1172.0,1301.9954
816.18,1449.6716
1204.0,1656.7931
1204.0,1446.2139
1172.0,1265.5015
1128.12,1765.1648
10290.0,1405.5906
76.1,1366.5155
1172.0,1868.0413
228.11,1067.2253
76.63,1617.288
1128.12,1799.2081
1204.0,2433.898
2574.48,1094.1964
92.43,1093.1665
1204.0,1869.7666
560.78,1114.6747
1390.49,1650.7589
1204.0,1209.8127
2323.29,1222.033
1166.89,838.0383
1172.0,1452.1221
1129.07,2291.9336
76.01,1360.5261
1699.63,1967.1753
1204.0,1360.1985
660.0,4419.4233
1128.12,1653.6257
703.35,1329.3834
5287.86,1384.694
432.01,1057.0304
717.88,1574.6229
785.7299999999999,1778.3544
1128.12,1794.0696
564.06,971.18427
1204.0,1935.5886
1128.0,1164.9288
2672.0,1167.8075
1128.12,1623.059
1204.0,1642.0149
501.94,1585.3708
1128.12,2887.3994
5340.29,1421.3383
1172.0,1463.0953
1204.0,1760.8455
1172.0,1999.1907
1204.0,1819.0457
1184.92,1815.7638
3453.7,2185.2417
1204.0,1794.7798
1128.12,1294.1715
61469.0,1084.4474
1695.82,2673.133
1189.75,1519.8362
62.15,982.51416
3089.34,1331.776
293.69,2168.7139
1439.0,1636.065
1128.12,1329.6979
1172.0,1703.3505
555.56,891.2177
1204.0,1684.5739
1672.55,1562.6522
1172.0,1405.5973
609.8,1419.6449
1204.0,1477.8966
1204.0,1640.9716
1483.55,1524.8304
1128.12,2335.84
3712.63,1006.3233
2834.75,1780.1522
1204.0,2067.0332
678.42,1396.7985
675.28,979.0707
1128.12,1952.5182
2227.75,1549.7502
1128.12,1660.9958
4361.97,1129.1669
271.1,999.7984
2408.0,1439.0288
1320.0,2111.5571
564.06,1259.1038
2059.89,1570.2928
627.34,1895.518
932.81,1264.0631
621.73,3052.4875
1128.12,1379.5619
1571.64,2225.7942
1128.12,1580.5778
543.21,1275.1727
1204.0,2370.6711
816.56,1314.5599
1128.0,1394.0724
152.45,903.5209
1128.12,1186.3319
3103.22125,2740.7673
2071.72,1241.0908
1172.0,936.7083
877.99,2281.5117
1128.0,1816.7477
1128.12,1859.1824
1204.0,1834.9481
3319.26,1516.1635
1851.5300000000002,1713.9364
2172.0,1949.6602
648.41,1189.0226
81.32,1235.2528
1415.46,1839.5712
237.93,1674.9038
1172.0,1501.3483
1204.0,1899.9774
564.0,1913.0638
1128.12,2073.3025
873.89,1297.0536
897.67,2656.5352
1204.0,2211.6301
1204.0,2482.577
1156.185,1764.9376
2256.24,2152.2585
787.17,1464.5801
182878.18,1321.7455
387.83,1032.0983
1128.12,1339.4701
1172.0,1292.1256
1172.0,1416.0198
1128.0,1463.8204
101.48,979.40405
1169.825,2606.4207
4339.97,1505.4194
3704.0,2623.7422
1204.0,999.7069
10740.03,1142.1978
527.0,1872.6316
1676.64,2280.0554
1128.12,1581.9833
667.74,1198.2219
27.51,1478.5253
1128.12,1298.1902
71.92,1670.5632
2257.28,1976.838
1128.12,2049.57
474.15,1286.842
586.0,1531.4738
4313.03,1530.1884
490.07,1317.8229
12590.97,1423.827
1204.0,1626.8922
739.72,1256.4403
1500.0,984.55096
1204.0,1775.383
1204.0,1152.0583
1204.0,1137.6525
1500.0,1154.3745
863.2850000000001,1783.9072
652.0,1874.8197
1204.0,1555.3047
1204.0,1611.3623
4535.87,950.85974
1128.12,1440.9067
1128.12,1525.098
2971.75,997.2164
1204.0,1292.8652
4866.09,1269.4336
560.39,1168.0526
1204.0,1662.939
1172.0,1437.8724
6115.2,3760.293
1204.0,783.2935
1128.12,1160.8698
593.02,1031.7617
1128.12,930.73773
1204.0,1775.2281
1128.12,1920.837
1000.0,1210.0515
4927.79,2567.5332
1128.0,985.0605
1412.4,1651.1045
614.04,2488.605
1172.0,1166.8474
1128.12,1417.3506
16093.225,2196.0469
2172.0,1586.2307
1172.0,1672.6388
1433.02,3188.9827
1689.17,2093.7317
1128.0,1296.9979
1128.12,1251.089
1204.0,1496.4453
1204.0,1456.2576
32288.28,4412.8364
65.64,2565.0247
1204.0,1414.9344
222.11,1165.8374
2070.89,1909.3738
2408.0,1278.5415
1204.0,1253.3013
1128.12,1294.0883
1204.0,944.6661
1172.0,5761.2285
75.99,1337.7703
1372.04,1929.2444
5372.67,1957.3955
1890.25,1616.6974
1172.0,1738.1722
6298.71,6126.015
300.0,2065.9749
1310.1,2273.148
84.97,858.4127
1204.0,1266.8315
471.99,2057.7036
197.35,1661.8268
150.07,3689.6482
1000.0,1598.7059
556.14,1446.932
129.32,1776.2747
1128.12,1056.3733
922.94,1324.2178
441.8,1586.0083
1172.0,1716.5045
740.21,1752.9254
3654.96,1238.658
1128.12,1046.0974
1128.0,1621.4662
1204.0,1426.638
1204.0,2095.3857
4301.07,2939.0432
1006.88,1898.2731
1172.0,1147.4733
671.675,2260.2556
1172.0,2369.0134
584.15,1408.4977
5234.61,1930.1876
39.79,1578.4163
665.71,1631.2952
1128.06,1483.5939
1204.0,1876.4358
1172.0,1273.8673
1128.12,996.20215
2168.07,1393.8131
1115.88,2218.7346
1204.0,1796.7047
1204.0,1261.7194
243.0,1409.4376
781.7,1993.8204
1128.12,1615.2587
1204.0,1358.7056
1128.12,3477.1155
1128.0,1285.0055
1128.12,1981.8403
1931.47,2174.6545
1128.12,1482.8428
1880.49,1438.5767
1741.11,1777.8466
73.53,1971.4705
1128.0,1391.1366
1204.0,1964.5299
2534.37,1671.4181
1171.28,1706.9344
210.5,1324.2512
1204.0,2225.8652
3307.22,1332.3668
5120.28,1064.3632
1676.51,1940.1173
1204.0,1235.1008
556.385,2134.1912
726.91,2491.395
3701.08,1424.043
1204.0,2637.0613
1166.32,1767.7844
3204.0,1331.2815
943.98,875.0441
558.34,1239.0502
1204.0,2149.3008
1128.12,1394.6056
1204.0,1572.8744
840.38,1606.3336
1128.12,1280.8018
474.38,1711.8422
5172.0,1935.5701
1172.0,2682.4912
1204.0,1319.3848
237.7,1822.9453
5597.14,1782.29
1204.0,1018.0355
1500.0,1191.7318
3941.23,1456.5
1017.42,1458.2422
1172.0,1523.2883
1463.46,1460.1305
3204.0,1044.1832
3219.72,2336.32
873.7,1767.7566
376.22,1939.7223
6116.84,1443.7279
1128.0,1246.0522
1204.0,1292.0769
3101.17,2419.1558
1147.47,1314.4327
1204.0,1697.1053
1204.0,1118.8837
10290.0,1919.7566
1609.16,1365.575
1128.12,1628.8522
451.36,2057.2336
1270.13,1294.058
507.53,1713.7893
1204.0,1641.874
2586.0,1946.8768
1412.4,1576.9642
1172.0,2057.4514
1204.0,1367.9811
1986.72,1475.734
797.3,1638.7906
1128.0,1198.079
959.71,1322.8097
1128.12,1158.1733
33.86,910.83093
850.66,1433.7167
516.16,1283.4153
602.0,1128.6721
1500.0,1354.1599
5000.0,3246.4539
1128.12,1855.1743
1484.07,1415.2449
72.02,1534.4452
591.08,2140.6672
1204.0,1317.8015
1172.0,860.7129
1128.12,1391.0311
1607.66,1269.31
1780.74,1696.7615
1325.46,1418.55
1204.0,1642.5677
564.06,999.1488
1204.0,1913.3832
495.33,1688.5273
642.58,1382.2155
1128.12,1083.079
1172.0,1372.5287
2064.66,2098.4634
1204.0,2522.7542
72.55,1566.0903
1204.0,2225.6287
1204.0,1018.3535
1312.76,1223.6552
79.53,1710.7732
1412.4,1285.5988
1128.12,1143.4816
1204.0,1682.4995
1204.0,1420.9492
8981.0,1398.7454
556.14,1464.8586
1204.0,2114.353
1204.0,762.08844
1482.05,1439.6053
1128.12,1347.9502
1172.0,1728.1394
1172.0,2114.3933
1544.28,1492.4148
1128.12,2296.478
1628.12,896.2195
602.0,1378.6426
206.65,1951.2301
1204.0,2009.7332
1122.96,1671.6285
1005.51,3966.5242
1128.12,1278.2228
2540.27,2427.891
1204.0,1129.6117
195.18,1676.518
445.34,2474.0068
61.13,987.81213
200.0,1305.0579
325.13,1379.3074
225.9,1146.9137
3230.1,2480.0012
2596.98,1146.5637
1204.0,1546.6172
1204.0,1695.7157
1224.35,1648.407
161.88,1334.8303
556.14,2249.154
3204.0,1171.5238
1172.0,1127.2656
1204.0,1718.5732
1320.0,1570.4156
2104.96,2558.8604
1268.61,1665.7563
1204.0,1520.9447
1204.0,1675.9647
991.15,1643.62
1172.0,1961.4037
1204.0,1532.685
538.175,2495.384
1204.0,1902.8289
3704.0,1228.223
803.27,883.80164
2286.0699999999997,4076.799
12604.29,1021.47577
1128.12,1742.1261
1204.0,1646.8435
1204.0,1399.8857
1128.12,1790.6553
77.0,1554.3104
